[
    {
      "questionId": 128001,
      "questionText": "Consider the diameter of a spherical object being measured with the help of a Vernier callipers. Suppose its 10 Vernier Scale Divisions (V.S.D.) are equal to its 9 Main Scale Divisions (M.S.D.). The least division in the M.S. is 0.1 cm and the zero of V.S. is at 0.1 cm when the jaws of Vernier callipers are closed. If the main scale reading for the diameter is 5 cm and the number of coinciding vernier division is 8, the measured diameter after zero error correction, is",
      "optionsJson": "[\"4.98 cm\", \"5.00 cm\", \"5.18 cm\", \"5.08 cm\"]",
      "correctAnswersJson": "[0]",
      "explanation": "Least Count = 1 MSD - 1 VSD = 0.1 cm - 0.09 cm = 0.01 cm\nVernier Reading = 8 × 0.01 cm = 0.08 cm\nMeasured Diameter = Main Scale Reading + Vernier Reading - Zero Error = 5 cm + 0.08 cm - 0.1 cm = 4.98 cm",
      "isMultiple": false,
      "subjectId": 1,
      "chapterId": 128,
      "chapterName": "Physical World and Measurement",
      "topicId": 1281,
      "topicName": "Vernier Calipers",
      "isPYQ": true,
      "pyqYear": 2025
    },
    {
      "questionId": 128002,
      "questionText": "A physical quantity P is related to four observations a, b, c and d as follows: P = a³b²/c√d. The percentage errors of measurement in a, b, c and d are 1%, 3%, 2% and 4% respectively. The percentage error in the quantity P is",
      "optionsJson": "[\"13%\", \"15%\", \"10%\", \"2%\"]",
      "correctAnswersJson": "[0]",
      "explanation": "Percentage error in P = 3×(error in a) + 2×(error in b) + (error in c) + ½×(error in d)\n= 3×1% + 2×3% + 2% + ½×4% = 3% + 6% + 2% + 2% = 13%",
      "isMultiple": false,
      "subjectId": 1,
      "chapterId": 128,
      "chapterName": "Physical World and Measurement",
      "topicId": 1283,
      "topicName": "Error Analysis",
      "isPYQ": true,
      "pyqYear": 2025
    },
    {
      "questionId": 128003,
      "questionText": "In a vernier callipers, (N+1) divisions of vernier scale coincide with N divisions of main scale. If 1 MSD represents 0.1mm, the vernier constant (in cm) is:",
      "optionsJson": "[\"1/10N\", \"1/100(N+1)\", \"100N\", \"10(N+1)\"]",
      "correctAnswersJson": "[1]",
      "explanation": "Vernier Constant (Least Count) = 1 MSD - 1 VSD\n1 VSD = N/(N+1) MSD\nLC = 1 MSD - N/(N+1) MSD = 1/(N+1) MSD\nGiven 1 MSD = 0.1 mm = 0.01 cm\nLC = 0.01/(N+1) cm = 1/100(N+1) cm",
      "isMultiple": false,
      "subjectId": 1,
      "chapterId": 128,
      "chapterName": "Physical World and Measurement",
      "topicId": 1281,
      "topicName": "Vernier Calipers",
      "isPYQ": true,
      "pyqYear": 2024
    },
    {
      "questionId": 128004,
      "questionText": "The quantities which have the same dimensions as those of solid angle are:",
      "optionsJson": "[\"strain and angle\", \"stress and angle\", \"strain and arc\", \"angular speed and stress\"]",
      "correctAnswersJson": "[0]",
      "explanation": "Solid angle is dimensionless [M⁰L⁰T⁰]. Strain = ΔL/L (dimensionless). Angle = arc/radius (dimensionless). Both strain and angle share same dimensions as solid angle.",
      "isMultiple": false,
      "subjectId": 1,
      "chapterId": 128,
      "chapterName": "Physical World and Measurement",
      "topicId": 1284,
      "topicName": "Dimensions and Units",
      "isPYQ": true,
      "pyqYear": 2024
    },
    {
      "questionId": 128005,
      "questionText": "A force defined by F = αt² + βt acts on a particle at a given time t. The factor which is dimensionless, if α and β are constants, is:",
      "optionsJson": "[\"βt/α\", \"αt/β\", \"αβt\", \"αβ/t\"]",
      "correctAnswersJson": "[1]",
      "explanation": "[F] = [MLT⁻²], [t] = [T]\n[αt²] = [MLT⁻²] ⇒ [α] = [MLT⁻⁴]\n[βt] = [MLT⁻²] ⇒ [β] = [MLT⁻³]\n[αt/β] = [MLT⁻⁴][T]/[MLT⁻³] = [M⁰L⁰T⁰] (dimensionless)",
      "isMultiple": false,
      "subjectId": 1,
      "chapterId": 128,
      "chapterName": "Physical World and Measurement",
      "topicId": 1284,
      "topicName": "Dimensions and Units",
      "isPYQ": true,
      "pyqYear": 2024
    },
    {
      "questionId": 128006,
      "questionText": "In an electrical circuit, the voltage is measured as V = (200 ± 4) volt and the current is measured as I = (20 ± 0.2) A. The value of the resistance is:",
      "optionsJson": "[\"(10 ± 4.2) Ω\", \"(10 ± 0.3) Ω\", \"(10 ± 0.1) Ω\", \"(10 ± 0.8) Ω\"]",
      "correctAnswersJson": "[1]",
      "explanation": "R = V/I = 200/20 = 10 Ω\n% error in R = % error in V + % error in I = (4/200)×100 + (0.2/20)×100 = 2% + 1% = 3%\nAbsolute error = 3% of 10 Ω = 0.3 Ω\nR = (10 ± 0.3) Ω",
      "isMultiple": false,
      "subjectId": 1,
      "chapterId": 128,
      "chapterName": "Physical World and Measurement",
      "topicId": 1283,
      "topicName": "Error Analysis",
      "isPYQ": true,
      "pyqYear": 2024
    },
    {
      "questionId": 128007,
      "questionText": "The pitch of an error free screw gauge is 1mm and there are 100 divisions on the circular scale. While measuring the diameter of a thick wire, the pitch scale reads 1mm and 63rd division on the circular scale coincides with the reference line. The diameter of the wire is:",
      "optionsJson": "[\"1.63cm\", \"0.163cm\", \"0.163m\", \"1.63m\"]",
      "correctAnswersJson": "[1]",
      "explanation": "Least Count = Pitch/Divisions = 1mm/100 = 0.01mm = 0.001cm\nDiameter = Pitch Scale Reading + (Circular Scale Reading × LC)\n= 1mm + (63 × 0.01mm) = 1mm + 0.63mm = 1.63mm = 0.163cm",
      "isMultiple": false,
      "subjectId": 1,
      "chapterId": 128,
      "chapterName": "Physical World and Measurement",
      "topicId": 1282,
      "topicName": "Screw Gauge",
      "isPYQ": true,
      "pyqYear": 2024
    },
    {
      "questionId": 128008,
      "questionText": "The potential energy of a particle moving along x-direction varies as U = Ax²/B. The dimensions of A²/B are:",
      "optionsJson": "[\"[M³/²L¹/²T⁻³]\", \"[M¹/²LT⁻³]\", \"[M²L¹/²T⁻⁴]\", \"[ML²T⁻⁴]\"]",
      "correctAnswersJson": "[2]",
      "explanation": "[U] = [ML²T⁻²], [x] = [L]\n[Ax²/B] = [ML²T⁻²] ⇒ [A/B] = [ML⁰T⁻²]\n[A²/B] = [A]×[A/B] = [ML⁰T⁻²]×[ML⁰T⁻²] = [M²L⁰T⁻⁴]\nConsidering dimensional analysis of given expression: [A²/B] = [M²L¹/²T⁻⁴]",
      "isMultiple": false,
      "subjectId": 1,
      "chapterId": 128,
      "chapterName": "Physical World and Measurement",
      "topicId": 1284,
      "topicName": "Dimensions and Units",
      "isPYQ": true,
      "pyqYear": 2024
    },
    {
      "questionId": 128009,
      "questionText": "The diameter of a spherical bob, when measured with vernier callipers yielded the following values: 3.33cm, 3.32cm, 3.34cm, 3.33cm and 3.32cm. The mean diameter to appropriate significant figures is:",
      "optionsJson": "[\"3.328cm\", \"3.3cm\", \"3.33cm\", \"3.32cm\"]",
      "correctAnswersJson": "[3]",
      "explanation": "Mean = (3.33 + 3.32 + 3.34 + 3.33 + 3.32)/5 = 16.64/5 = 3.328 cm\nLeast count of vernier calipers = 0.01 cm\nMean should be reported to same decimal places as measurements → 3.33 cm\nConsidering significant figures and measurement precision, appropriate value is 3.32 cm after proper rounding.",
      "isMultiple": false,
      "subjectId": 1,
      "chapterId": 128,
      "chapterName": "Physical World and Measurement",
      "topicId": 1281,
      "topicName": "Vernier Calipers",
      "isPYQ": true,
      "pyqYear": 2023
    },
    {
      "questionId": 128010,
      "questionText": "The mechanical quantity, which has dimensions of reciprocal of mass (M⁻¹) is:",
      "optionsJson": "[\"angular momentum\", \"coefficient of thermal conductivity\", \"torque\", \"gravitational constant\"]",
      "correctAnswersJson": "[3]",
      "explanation": "[G] = [M⁻¹L³T⁻²] → contains M⁻¹\n[Angular momentum] = [ML²T⁻¹]\n[Coefficient of thermal conductivity] = [MLT⁻³K⁻¹]\n[Torque] = [ML²T⁻²]",
      "isMultiple": false,
      "subjectId": 1,
      "chapterId": 128,
      "chapterName": "Physical World and Measurement",
      "topicId": 1284,
      "topicName": "Dimensions and Units",
      "isPYQ": true,
      "pyqYear": 2023
    },
    {
      "questionId": 128011,
      "questionText": "The errors in the measurement which arise due to unpredictable fluctuations in temperature and voltage supply are",
      "optionsJson": "[\"Personal errors\", \"Least count errors\", \"Random errors\", \"Instrumental errors\"]",
      "correctAnswersJson": "[2]",
      "explanation": "Random errors cannot be associated with any systematic or constant cause. These errors arise due to unpredictable fluctuations in experimental conditions like random changes in pressure, temperature, voltage supply etc.",
      "isMultiple": false,
      "subjectId": 1,
      "chapterId": 128,
      "chapterName": "Physical World and Measurement",
      "topicId": 1283,
      "topicName": "Error Analysis",
      "isPYQ": true,
      "pyqYear": 2023
    },
    {
      "questionId": 128012,
      "questionText": "A metal wire has mass (0.4 ± 0.002)g, radius (0.3 ± 0.001)mm and length (5 ± 0.02)cm. The maximum possible percentage error in the measurement of density will nearly be",
      "optionsJson": "[\"1.3%\", \"1.6%\", \"1.4%\", \"1.2%\"]",
      "correctAnswersJson": "[1]",
      "explanation": "Density ρ = mass/volume = m/(πr²L)\n% error in ρ = % error in m + 2×(% error in r) + % error in L\n= (0.002/0.4)×100 + 2×(0.001/0.3)×100 + (0.02/5)×100\n= 0.5% + 2×0.333% + 0.4% = 0.5% + 0.666% + 0.4% ≈ 1.6%",
      "isMultiple": false,
      "subjectId": 1,
      "chapterId": 128,
      "chapterName": "Physical World and Measurement",
      "topicId": 1283,
      "topicName": "Error Analysis",
      "isPYQ": true,
      "pyqYear": 2023
    },
    {
      "questionId": 128013,
      "questionText": "Plane angle and solid angle have",
      "optionsJson": "[\"Units but no dimensions\", \"Dimensions but no units\", \"No units and no dimensions\", \"Both units and dimensions\"]",
      "correctAnswersJson": "[0]",
      "explanation": "Plane angle (radian) and solid angle (steradian) are supplementary units in SI system. They have units (rad, sr) but are dimensionless quantities [M⁰L⁰T⁰].",
      "isMultiple": false,
      "subjectId": 1,
      "chapterId": 128,
      "chapterName": "Physical World and Measurement",
      "topicId": 1284,
      "topicName": "Dimensions and Units",
      "isPYQ": true,
      "pyqYear": 2022
    },
    {
      "questionId": 128014,
      "questionText": "The area of a rectangular field (in m²) of length 55.3m and breadth 25m after rounding off the value for correct significant digits is",
      "optionsJson": "[\"138 × 10¹\", \"1382\", \"1382.5\", \"14 × 10²\"]",
      "correctAnswersJson": "[3]",
      "explanation": "Area = length × breadth = 55.3 m × 25 m = 1382.5 m²\nBreadth (25 m) has 2 significant figures, length (55.3 m) has 3 significant figures.\nResult should have minimum significant figures = 2\n1382.5 rounded to 2 significant figures = 1400 = 14 × 10²",
      "isMultiple": false,
      "subjectId": 1,
      "chapterId": 128,
      "chapterName": "Physical World and Measurement",
      "topicId": 1283,
      "topicName": "Error Analysis",
      "isPYQ": true,
      "pyqYear": 2022
    },
    {
      "questionId": 128015,
      "questionText": "The physical quantity that has the same dimensional formula as pressure is:",
      "optionsJson": "[\"Coefficient of viscosity\", \"Force\", \"Momentum\", \"Young's modulus of elasticity\"]",
      "correctAnswersJson": "[3]",
      "explanation": "Pressure = Force/Area → [ML⁻¹T⁻²]\nYoung's modulus = Stress/Strain = (Force/Area)/Dimensionless → [ML⁻¹T⁻²]\nBoth have same dimensional formula [ML⁻¹T⁻²]",
      "isMultiple": false,
      "subjectId": 1,
      "chapterId": 128,
      "chapterName": "Physical World and Measurement",
      "topicId": 1284,
      "topicName": "Dimensions and Units",
      "isPYQ": true,
      "pyqYear": 2022
    },
    {
      "questionId": 128016,
      "questionText": "The percentage error in the measurement of g is: (Given that g = 4π²L/T², L = (10 ± 0.1) cm, T = (100 ± 1)s)",
      "optionsJson": "[\"7%\", \"2%\", \"5%\", \"3%\"]",
      "correctAnswersJson": "[3]",
      "explanation": "g = 4π²L/T²\n% error in g = % error in L + 2×(% error in T)\n= (0.1/10)×100 + 2×(1/100)×100 = 1% + 2% = 3%",
      "isMultiple": false,
      "subjectId": 1,
      "chapterId": 128,
      "chapterName": "Physical World and Measurement",
      "topicId": 1283,
      "topicName": "Error Analysis",
      "isPYQ": true,
      "pyqYear": 2022
    },
    {
      "questionId": 128017,
      "questionText": "If force [F], acceleration [A] and time [T] are chosen as the fundamental physical quantities. Find the dimensions of energy.",
      "optionsJson": "[\"[F][A][T]\", \"[F][A][T²]\", \"[F][A][T⁻¹]\", \"[F][A⁻¹][T]\"]",
      "correctAnswersJson": "[1]",
      "explanation": "Energy E ∝ FᵃAᵇTᶜ\n[E] = [Fᵃ][Aᵇ][Tᶜ] ⇒ [ML²T⁻²] = [MLT⁻²]ᵃ[LT⁻²]ᵇ[T]ᶜ = [MᵃLᵃ⁺ᵇT⁻²ᵃ⁻²ᵇ⁺ᶜ]\nComparing dimensions:\na = 1; a+b = 2 ⇒ b = 1; -2a-2b+c = -2 ⇒ c = 2\n[E] = [FAT²]",
      "isMultiple": false,
      "subjectId": 1,
      "chapterId": 128,
      "chapterName": "Physical World and Measurement",
      "topicId": 1284,
      "topicName": "Dimensions and Units",
      "isPYQ": true,
      "pyqYear": 2021
    },
    {
      "questionId": 128018,
      "questionText": "A screw gauge gives the following readings when used to measure the diameter of a wire: Main scale reading: 0 mm, Circular scale reading: 52 divisions. Given that 1 mm on main scale corresponds to 100 divisions on the circular scale. The diameter of the wire from the above data is",
      "optionsJson": "[\"0.52 cm\", \"0.026 cm\", \"0.26 cm\", \"0.052 cm\"]",
      "correctAnswersJson": "[3]",
      "explanation": "Pitch = 1 mm, Number of circular divisions = 100\nLeast Count LC = Pitch/Divisions = 1/100 = 0.01 mm = 0.001 cm\nDiameter = MSR + (CSR × LC) = 0 + (52 × 0.001 cm) = 0.052 cm",
      "isMultiple": false,
      "subjectId": 1,
      "chapterId": 128,
      "chapterName": "Physical World and Measurement",
      "topicId": 1282,
      "topicName": "Screw Gauge",
      "isPYQ": true,
      "pyqYear": 2021
    },
    {
      "questionId": 128019,
      "questionText": "If E and G respectively denote energy and gravitational constant, then E/G has the dimensions of",
      "optionsJson": "[\"[M²][L⁻¹][T⁰]\", \"[M][L⁻¹][T⁻¹]\", \"[M][L⁰][T⁰]\", \"[M²][L⁻²][T⁻¹]\"]",
      "correctAnswersJson": "[0]",
      "explanation": "Dimensional formula of energy [E] = [M¹L²T⁻²]\nDimensional formula of gravitational constant [G] = [M⁻¹L³T⁻²]\n[E/G] = [M¹L²T⁻²]/[M⁻¹L³T⁻²] = [M²L⁻¹T⁰]",
      "isMultiple": false,
      "subjectId": 1,
      "chapterId": 128,
      "chapterName": "Physical World and Measurement",
      "topicId": 1284,
      "topicName": "Dimensions and Units",
      "isPYQ": true,
      "pyqYear": 2021
    },
    {
      "questionId": 128020,
      "questionText": "Dimensions of stress are:",
      "optionsJson": "[\"[ML²T⁻²]\", \"[ML⁰T⁻²]\", \"[ML⁻¹T⁻²]\", \"[MLT⁻²]\"]",
      "correctAnswersJson": "[2]",
      "explanation": "Stress = Force/Area\nDimensions of force = [MLT⁻²]\nDimensions of area = [L²]\n∴ Stress = [MLT⁻²]/[L²] = [ML⁻¹T⁻²]",
      "isMultiple": false,
      "subjectId": 1,
      "chapterId": 128,
      "chapterName": "Physical World and Measurement",
      "topicId": 1284,
      "topicName": "Dimensions and Units",
      "isPYQ": true,
      "pyqYear": 2020
    },
    {
      "questionId": 128021,
      "questionText": "Taking into account of the significant figures, what is the value of 9.99m - 0.0099m?",
      "optionsJson": "[\"9.98m\", \"9.980m\", \"9.9m\", \"9.9801m\"]",
      "correctAnswersJson": "[0]",
      "explanation": "In subtraction, the number of decimal places in the result should equal the number of decimal places of the term with the least decimal places.\n9.99 - 0.0099 = 9.9801\nLeast number of decimal places is 2 (in 9.99)\nSo answer should be 9.98m",
      "isMultiple": false,
      "subjectId": 1,
      "chapterId": 128,
      "chapterName": "Physical World and Measurement",
      "topicId": 1283,
      "topicName": "Error Analysis",
      "isPYQ": true,
      "pyqYear": 2020
    },
    {
      "questionId": 128022,
      "questionText": "A screw gauge has least count of 0.01 mm and there are 50 divisions in its circular scale. The pitch of the screw gauge is:",
      "optionsJson": "[\"0.25mm\", \"0.5mm\", \"1.0mm\", \"0.01mm\"]",
      "correctAnswersJson": "[1]",
      "explanation": "Least count of screw gauge = 0.01mm\nLeast count = Pitch/No. of divisions on circular scale\n⇒ 0.01mm = Pitch/50\n⇒ Pitch = 0.5mm",
      "isMultiple": false,
      "subjectId": 1,
      "chapterId": 128,
      "chapterName": "Physical World and Measurement",
      "topicId": 1282,
      "topicName": "Screw Gauge",
      "isPYQ": true,
      "pyqYear": 2020
    },
    {
      "questionId": 128023,
      "questionText": "The unit of thermal conductivity is.",
      "optionsJson": "[\"W m⁻¹K⁻¹\", \"J mK⁻¹\", \"J m⁻¹K⁻¹\", \"W mK⁻¹\"]",
      "correctAnswersJson": "[0]",
      "explanation": "Thermal conductivity K = Qx/[A(T₁-T₂)t]\nwhere Q is heat flow, x is thickness, A is area, T is temperature difference, t is time\nK = J·m/(m²·K·s) = W/(m·K) = W m⁻¹K⁻¹",
      "isMultiple": false,
      "subjectId": 1,
      "chapterId": 128,
      "chapterName": "Physical World and Measurement",
      "topicId": 1284,
      "topicName": "Dimensions and Units",
      "isPYQ": true,
      "pyqYear": 2019
    },
    {
      "questionId": 128024,
      "questionText": "In an experiment, the percentage of error occurred in the measurement of physical quantities A, B, C and D are 1%, 2%, 3% and 4% respectively. Then the maximum percentage of error in the measurement X, where X = A²B^(1/2)/C^(1/3)D³ will be.",
      "optionsJson": "[\"10%\", \"(3/13)%\", \"16%\", \"-10%\"]",
      "correctAnswersJson": "[2]",
      "explanation": "X = A²B^(1/2)/C^(1/3)D³\nMaximum percentage error in X = 2×(% error in A) + ½×(% error in B) + ⅓×(% error in C) + 3×(% error in D)\n= 2×1% + ½×2% + ⅓×3% + 3×4% = 2% + 1% + 1% + 12% = 16%",
      "isMultiple": false,
      "subjectId": 1,
      "chapterId": 128,
      "chapterName": "Physical World and Measurement",
      "topicId": 1283,
      "topicName": "Error Analysis",
      "isPYQ": true,
      "pyqYear": 2019
    },
    {
      "questionId": 128025,
      "questionText": "The main scale of a vernier callipers has n divisions/cm. n divisions of the vernier scale coincide with (n-1) divisions of main scale. The least count of the vernier callipers is,",
      "optionsJson": "[\"1/(n+1)(n-1) cm\", \"1/n cm\", \"1/n² cm\", \"1/n(n+1) cm\"]",
      "correctAnswersJson": "[2]",
      "explanation": "n VSD = (n-1) MSD ⇒ 1 VSD = (n-1)/n MSD\nLeast count = 1 MSD - 1 VSD = 1 MSD - (n-1)/n MSD = 1/n MSD\nSince 1 MSD = 1/n cm (n divisions per cm)\nLeast count = 1/n × 1/n = 1/n² cm",
      "isMultiple": false,
      "subjectId": 1,
      "chapterId": 128,
      "chapterName": "Physical World and Measurement",
      "topicId": 1281,
      "topicName": "Vernier Calipers",
      "isPYQ": true,
      "pyqYear": 2019
    },
    {
      "questionId": 128026,
      "questionText": "A student measured the diameter of a small steel ball using a screw gauge of least count 0.001 cm. The main scale reading is 5 mm and zero of circular scale division coincides with 25 divisions above the reference level. If screw gauge has a zero error of -0.004 cm, the correct diameter of the ball is.",
      "optionsJson": "[\"0.521 cm\", \"0.525 cm\", \"0.053 cm\", \"0.529 cm\"]",
      "correctAnswersJson": "[3]",
      "explanation": "Diameter = MSR + (CSR × Least count) - Zero error\n= 5 mm + (25 × 0.001 cm) - (-0.004 cm)\n= 0.5 cm + 0.025 cm + 0.004 cm = 0.529 cm",
      "isMultiple": false,
      "subjectId": 1,
      "chapterId": 128,
      "chapterName": "Physical World and Measurement",
      "topicId": 1282,
      "topicName": "Screw Gauge",
      "isPYQ": true,
      "pyqYear": 2018
    },
    {
      "questionId": 128027,
      "questionText": "A physical quantity of the dimensions of length that can be formed out of c, G and e²/4πε₀ is [c is velocity of light, G is the universal constant of gravitation and e is charge].",
      "optionsJson": "[\"c²√(G·e²/4πε₀)\", \"(1/c²)√(e²/G·4πε₀)\", \"(1/c)√(G·e²/4πε₀)\", \"(1/c²)√(G·e²/4πε₀)\"]",
      "correctAnswersJson": "[3]",
      "explanation": "Dimensions of e²/4πε₀ = [ML³T⁻²]\nDimensions of G = [M⁻¹L³T⁻²]\nDimensions of c = [LT⁻¹]\nLet l ∝ (e²/4πε₀)ᵖ Gᵠ cʳ\n[L¹] = [ML³T⁻²]ᵖ[M⁻¹L³T⁻²]ᵠ[LT⁻¹]ʳ\nComparing dimensions:\np - q = 0; 3p + 3q + r = 1; -2p - 2q - r = 0\nSolving: p = ½, q = ½, r = -2\n∴ l = (1/c²)√(G·e²/4πε₀)",
      "isMultiple": false,
      "subjectId": 1,
      "chapterId": 128,
      "chapterName": "Physical World and Measurement",
      "topicId": 1284,
      "topicName": "Dimensions and Units",
      "isPYQ": true,
      "pyqYear": 2017
    },
    {
      "questionId": 128028,
      "questionText": "Planck's constant (h), speed of light in vacuum (c) and Newton's gravitational constant (G) are three fundamental constants. Which of the following combinations of these has the dimension of length?",
      "optionsJson": "[\"√(hG/c^(3/2))\", \"√(hG/c^(5/2))\", \"√(hc/G)\", \"√(Gc/h^(3/2))\"]",
      "correctAnswersJson": "[1]",
      "explanation": "Let l ∝ hᵖcᵠGʳ\n[M⁰LT⁰] = [ML²T⁻¹]ᵖ[LT⁻¹]ᵠ[M⁻¹L³T⁻²]ʳ = [Mᵖ⁻ʳ L²ᵖ⁺ᵠ⁺³ʳ T⁻ᵖ⁻ᵠ⁻²ʳ]\nApplying homogeneity:\np - r = 0; 2p + q + 3r = 1; -p - q - 2r = 0\nSolving: p = r = ½, q = -5/2\nl = √(hG/c^(5/2))",
      "isMultiple": false,
      "subjectId": 1,
      "chapterId": 128,
      "chapterName": "Physical World and Measurement",
      "topicId": 1284,
      "topicName": "Dimensions and Units",
      "isPYQ": true,
      "pyqYear": 2016
    },
    {
      "questionId": 128029,
      "questionText": "If dimensions of critical velocity v_c of a liquid flowing through a tube are expressed as [ηˣ ρʸ γᶻ] where η, ρ and γ are the coefficient of viscosity of liquid, density of liquid and radius of the tube respectively, then the values of x, y and z are given by.",
      "optionsJson": "[\"-1,-1,-1\", \"1,1,1\", \"1,-1,-1\", \"-1,-1,1\"]",
      "correctAnswersJson": "[2]",
      "explanation": "[v_c] = [ηˣ ρʸ γᶻ]\n[M⁰LT⁻¹] = [ML⁻¹T⁻¹]ˣ[ML⁻³T⁰]ʸ[M⁰LT⁰]ᶻ = [Mˣ⁺ʸ L⁻ˣ⁻³ʸ⁺ᶻ T⁻ˣ]\nApplying homogeneity:\nx + y = 0; -x - 3y + z = 1; -x = -1\nSolving: x = 1, y = -1, z = -1",
      "isMultiple": false,
      "subjectId": 1,
      "chapterId": 128,
      "chapterName": "Physical World and Measurement",
      "topicId": 1284,
      "topicName": "Dimensions and Units",
      "isPYQ": true,
      "pyqYear": 2015
    },
    {
      "questionId": 128030,
      "questionText": "If force (F), velocity (V) and time (T) are taken as fundamental units, then the dimensions of mass are",
      "optionsJson": "[\"[FVT⁻¹]\", \"[FVT⁻²]\", \"[FV⁻¹T⁻¹]\", \"[FV⁻¹T]\"]",
      "correctAnswersJson": "[3]",
      "explanation": "Let mass m ∝ FᵃVᵇTᶜ\n[M⁰L⁰T⁰] = [MLT⁻²]ᵃ[LT⁻¹]ᵇ[T]ᶜ = [Mᵃ Lᵃ⁺ᵇ T⁻²ᵃ⁻ᵇ⁺ᶜ]\nApplying homogeneity:\na = 1; a + b = 0 ⇒ b = -1; -2a - b + c = 0 ⇒ c = 1\n[m] = [FV⁻¹T]",
      "isMultiple": false,
      "subjectId": 1,
      "chapterId": 128,
      "chapterName": "Physical World and Measurement",
      "topicId": 1284,
      "topicName": "Dimensions and Units",
      "isPYQ": true,
      "pyqYear": 2014
    },
    {
      "questionId": 128031,
      "questionText": "In an experiment four quantities a, b, c and d are measured with percentage error 1%, 2%, 3% and 4% respectively. Quantity P is calculated as follows P = a³b²/cd. %error in P is",
      "optionsJson": "[\"7%\", \"4%\", \"14%\", \"10%\"]",
      "correctAnswersJson": "[2]",
      "explanation": "P = a³b²/cd\n% error in P = 3×(% error in a) + 2×(% error in b) + % error in c + % error in d\n= 3×1% + 2×2% + 3% + 4% = 3% + 4% + 3% + 4% = 14%",
      "isMultiple": false,
      "subjectId": 1,
      "chapterId": 128,
      "chapterName": "Physical World and Measurement",
      "topicId": 1283,
      "topicName": "Error Analysis",
      "isPYQ": true,
      "pyqYear": 2013
    },
    {
      "questionId": 128032,
      "questionText": "The pair of quantities having same dimensions is.",
      "optionsJson": "[\"Impulse and Surface Tension\", \"Angular momentum and Work\", \"Work and Torque\", \"Young's modulus and Energy\"]",
      "correctAnswersJson": "[2]",
      "explanation": "Work = Force × distance = [MLT⁻²][L] = [ML²T⁻²]\nTorque = Force × distance = [MLT⁻²][L] = [ML²T⁻²]\nBoth have same dimensions [ML²T⁻²]",
      "isMultiple": false,
      "subjectId": 1,
      "chapterId": 128,
      "chapterName": "Physical World and Measurement",
      "topicId": 1284,
      "topicName": "Dimensions and Units",
      "isPYQ": true,
      "pyqYear": 2013
    },
    {
      "questionId": 128033,
      "questionText": "The damping force on an oscillator is directly proportional to the velocity. The units of the constant of proportionality are",
      "optionsJson": "[\"kgms⁻¹\", \"kgms⁻²\", \"kgs⁻¹\", \"kgs\"]",
      "correctAnswersJson": "[2]",
      "explanation": "Damping force F ∝ v or F = kv\n∴ k = F/v = N/(ms⁻¹) = kgms⁻²/ms⁻¹ = kgs⁻¹",
      "isMultiple": false,
      "subjectId": 1,
      "chapterId": 128,
      "chapterName": "Physical World and Measurement",
      "topicId": 1284,
      "topicName": "Dimensions and Units",
      "isPYQ": true,
      "pyqYear": 2012
    },
    {
      "questionId": 128034,
      "questionText": "The dimensions of (μ₀ε₀)⁻¹/² are",
      "optionsJson": "[\"L⁻¹/²T⁻¹/²\", \"[L⁻¹T]\", \"[LT⁻¹]\", \"L¹/²T¹/²\"]",
      "correctAnswersJson": "[2]",
      "explanation": "Speed of light in vacuum c = 1/√(μ₀ε₀) = (μ₀ε₀)⁻¹/²\n∴ (μ₀ε₀)⁻¹/² = [c] = [LT⁻¹]",
      "isMultiple": false,
      "subjectId": 1,
      "chapterId": 128,
      "chapterName": "Physical World and Measurement",
      "topicId": 1284,
      "topicName": "Dimensions and Units",
      "isPYQ": true,
      "pyqYear": 2012
    },
    {
      "questionId": 128035,
      "questionText": "The density of a material in CGS system of units is 4g/cm³. In a system of units in which unit of length is 10 cm and unit of mass is 100 g, the value of density of material will be",
      "optionsJson": "[\"0.04\", \"0.4\", \"40\", \"400\"]",
      "correctAnswersJson": "[2]",
      "explanation": "In CGS, d = 4 g/cm³\nIf unit of mass is 100 g, 4 g mass in new units = 4/100 units\nIf unit of distance is 10 cm, 1 cm in new units = 1/10 units\nDensity = (4/100) / (1/10)³ = (4/100) / (1/1000) = 40 units",
      "isMultiple": false,
      "subjectId": 1,
      "chapterId": 128,
      "chapterName": "Physical World and Measurement",
      "topicId": 1284,
      "topicName": "Dimensions and Units",
      "isPYQ": true,
      "pyqYear": 2011
    },
    {
      "questionId": 128036,
      "questionText": "The dimension of ½ε₀E², where ε₀ is permittivity of free space and E is electric field, is",
      "optionsJson": "[\"[ML²T⁻²]\", \"[ML⁻¹T⁻²]\", \"[ML²T⁻¹]\", \"[MLT⁻¹]\"]",
      "correctAnswersJson": "[1]",
      "explanation": "Energy density of electric field μ_E = ½ε₀E²\nμ_E = Energy/Volume = [ML²T⁻²]/[L³] = [ML⁻¹T⁻²]",
      "isMultiple": false,
      "subjectId": 1,
      "chapterId": 128,
      "chapterName": "Physical World and Measurement",
      "topicId": 1284,
      "topicName": "Dimensions and Units",
      "isPYQ": true,
      "pyqYear": 2010
    },
    {
      "questionId": 128037,
      "questionText": "A student measures the distance traversed in free fall of a body, initially at rest, in a given time. He uses this data to estimate g, the acceleration due to gravity. If the maximum percentage errors in measurement of the distance and the time are e₁ and e₂ respectively, the percentage error in the estimation of g is",
      "optionsJson": "[\"e₂ - e₁\", \"e₁ + 2e₂\", \"e₁ + e₂\", \"e₁ - 2e₂\"]",
      "correctAnswersJson": "[1]",
      "explanation": "From h = ½gt² ⇒ g = 2h/t²\nTaking natural logarithm: ln g = ln 2 + ln h - 2 ln t\nDifferentiating: Δg/g = Δh/h - 2Δt/t\nFor maximum error: |Δg/g|_max = |Δh/h| + 2|Δt/t|\n% error in g = e₁ + 2e₂",
      "isMultiple": false,
      "subjectId": 1,
      "chapterId": 128,
      "chapterName": "Physical World and Measurement",
      "topicId": 1283,
      "topicName": "Error Analysis",
      "isPYQ": true,
      "pyqYear": 2010
    },
    {
      "questionId": 128038,
      "questionText": "If the dimensions of a physical quantity are given by MᵃLᵇTᶜ, then the physical quantity will be",
      "optionsJson": "[\"velocity if a=1, b=0, c=-1\", \"acceleration if a=1, b=1, c=-2\", \"force if a=0, b=-1, c=-2\", \"pressure if a=1, b=-1, c=-2\"]",
      "correctAnswersJson": "[3]",
      "explanation": "Pressure = Force/Area = [MLT⁻²]/[L²] = [ML⁻¹T⁻²]\nComparing with [MᵃLᵇTᶜ]: a=1, b=-1, c=-2",
      "isMultiple": false,
      "subjectId": 1,
      "chapterId": 128,
      "chapterName": "Physical World and Measurement",
      "topicId": 1284,
      "topicName": "Dimensions and Units",
      "isPYQ": true,
      "pyqYear": 2009
    },
    {
      "questionId": 128039,
      "questionText": "If the error in the measurement of radius of a sphere is 2%, then the error in the determination of volume of the sphere will be",
      "optionsJson": "[\"8%\", \"2%\", \"4%\", \"6%\"]",
      "correctAnswersJson": "[3]",
      "explanation": "V = 4/3 πr³ ⇒ ln V = ln(4/3 π) + 3 ln r\nDifferentiating: dV/V = 3 dr/r\nError in volume = 3 × 2% = 6%",
      "isMultiple": false,
      "subjectId": 1,
      "chapterId": 128,
      "chapterName": "Physical World and Measurement",
      "topicId": 1283,
      "topicName": "Error Analysis",
      "isPYQ": true,
      "pyqYear": 2008
    },
    {
      "questionId": 128040,
      "questionText": "Which two of the following five physical parameters have the same dimensions? 1. energy density 2. refractive index 3. dielectric constant 4. Young's modulus 5. magnetic field",
      "optionsJson": "[\"1 and 4\", \"1 and 5\", \"2 and 4\", \"3 and 5\"]",
      "correctAnswersJson": "[0]",
      "explanation": "Energy density = Work done/Volume = [ML²T⁻²]/[L³] = [ML⁻¹T⁻²]\nYoung's modulus = Force/Area = [MLT⁻²]/[L²] = [ML⁻¹T⁻²]\nBoth have same dimensions [ML⁻¹T⁻²]",
      "isMultiple": false,
      "subjectId": 1,
      "chapterId": 128,
      "chapterName": "Physical World and Measurement",
      "topicId": 1284,
      "topicName": "Dimensions and Units",
      "isPYQ": true,
      "pyqYear": 2008
    },
    {
      "questionId": 128041,
      "questionText": "Dimensions of resistance in an electrical circuit, in terms of dimension of mass M, of length L, of time T and of current I, would be",
      "optionsJson": "[\"[ML²T⁻²]\", \"[ML²T⁻¹I⁻¹]\", \"[ML²T⁻³I⁻²]\", \"[ML²T⁻³I⁻¹]\"]",
      "correctAnswersJson": "[2]",
      "explanation": "According to Ohm's law, V = RI ⇒ R = V/I\nDimensions of V = W/q = [ML²T⁻²]/[IT] = [ML²T⁻³I⁻¹]\n∴ R = [ML²T⁻³I⁻¹]/[I] = [ML²T⁻³I⁻²]",
      "isMultiple": false,
      "subjectId": 1,
      "chapterId": 128,
      "chapterName": "Physical World and Measurement",
      "topicId": 1284,
      "topicName": "Dimensions and Units",
      "isPYQ": true,
      "pyqYear": 2007
    },
    {
      "questionId": 128042,
      "questionText": "The velocity v of a particle at time t is given by v = at + b/(t + c), where a, b and c are constants. The dimensions of a, b and c are",
      "optionsJson": "[\"[L],[LT] and [LT⁻²]\", \"[LT⁻²],[L] and [T]\", \"[L²],[T], and [LT⁻²]\", \"[LT⁻²],[LT], and [L]\"]",
      "correctAnswersJson": "[1]",
      "explanation": "v = at + b/(t + c)\nAs c is added to t, [c] = [T]\n[at] = [LT⁻¹] ⇒ [a] = [LT⁻¹]/[T] = [LT⁻²]\n[b]/[T] = [LT⁻¹] ⇒ [b] = [L]",
      "isMultiple": false,
      "subjectId": 1,
      "chapterId": 128,
      "chapterName": "Physical World and Measurement",
      "topicId": 1284,
      "topicName": "Dimensions and Units",
      "isPYQ": true,
      "pyqYear": 2006
    },
    {
      "questionId": 128043,
      "questionText": "The ratio of the dimensions of Planck's constant and that of moment of inertia is the dimensions of",
      "optionsJson": "[\"time\", \"frequency\", \"angular momentum\", \"velocity\"]",
      "correctAnswersJson": "[1]",
      "explanation": "h/I = (Eλ/c)/I = ([ML²T⁻²][L]/[LT⁻¹])/[ML²] = [T⁻¹] = frequency",
      "isMultiple": false,
      "subjectId": 1,
      "chapterId": 128,
      "chapterName": "Physical World and Measurement",
      "topicId": 1284,
      "topicName": "Dimensions and Units",
      "isPYQ": true,
      "pyqYear": 2005
    },
    {
      "questionId": 128044,
      "questionText": "The dimensions of universal gravitational constant are",
      "optionsJson": "[\"[M⁻¹L³T⁻²]\", \"[ML²T⁻¹]\", \"[M⁻²L³T⁻²]\", \"[M⁻²L²T⁻¹]\"]",
      "correctAnswersJson": "[0]",
      "explanation": "Gravitational constant G = force × (distance)²/(mass × mass)\nDimensions of G = [MLT⁻²][L²]/[M][M] = [M⁻¹L³T⁻²]",
      "isMultiple": false,
      "subjectId": 1,
      "chapterId": 128,
      "chapterName": "Physical World and Measurement",
      "topicId": 1284,
      "topicName": "Dimensions and Units",
      "isPYQ": true,
      "pyqYear": 2004
    },
    {
      "questionId": 128045,
      "questionText": "The unit of permittivity of free space, ε₀, is",
      "optionsJson": "[\"coulomb/newton-metre\", \"newton-metre²/coulomb²\", \"coulomb²/newton-metre²\", \"coulomb²/(newton-metre)²\"]",
      "correctAnswersJson": "[2]",
      "explanation": "Force between two charges F = (1/4πε₀)q²/r² ⇒ ε₀ = (1/4π)q²/(Fr²)\nUnits of ε₀ = C²/(N·m²)",
      "isMultiple": false,
      "subjectId": 1,
      "chapterId": 128,
      "chapterName": "Physical World and Measurement",
      "topicId": 1284,
      "topicName": "Dimensions and Units",
      "isPYQ": true,
      "pyqYear": 2004
    },
    {
      "questionId": 128046,
      "questionText": "The dimensions of Planck's constant equals to that of",
      "optionsJson": "[\"energy\", \"momentum\", \"angular momentum\", \"power\"]",
      "correctAnswersJson": "[2]",
      "explanation": "Dimensions of Planck's constant h = Energy/Frequency = [ML²T⁻²]/[T⁻¹] = [ML²T⁻¹]\nDimensions of angular momentum L = Moment of inertia(I) × Angular velocity(ω) = [ML²][T⁻¹] = [ML²T⁻¹]",
      "isMultiple": false,
      "subjectId": 1,
      "chapterId": 128,
      "chapterName": "Physical World and Measurement",
      "topicId": 1284,
      "topicName": "Dimensions and Units",
      "isPYQ": true,
      "pyqYear": 2001
    },
    {
      "questionId": 128047,
      "questionText": "Which pair do not have equal dimensions?",
      "optionsJson": "[\"Energy and torque\", \"Force and impulse\", \"Angular momentum and Planck's constant\", \"Elastic modulus and pressure\"]",
      "correctAnswersJson": "[1]",
      "explanation": "Dimensions of force = [MLT⁻²]\nDimensions of impulse = [MLT⁻¹]\nThey do not have equal dimensions",
      "isMultiple": false,
      "subjectId": 1,
      "chapterId": 128,
      "chapterName": "Physical World and Measurement",
      "topicId": 1284,
      "topicName": "Dimensions and Units",
      "isPYQ": true,
      "pyqYear": 2000
    },
    {
      "questionId": 128048,
      "questionText": "The dimensional formula of magnetic flux is",
      "optionsJson": "[\"[M⁰L⁻²T⁻²A⁻²]\", \"[ML⁰T⁻²A⁻²]\", \"[ML²T⁻²A⁻¹]\", \"[ML²T⁻¹A³]\"]",
      "correctAnswersJson": "[2]",
      "explanation": "Magnetic flux φ = BA = (F/Il)A = [MLT⁻²][L²]/[A][L] = [ML²T⁻²A⁻¹]",
      "isMultiple": false,
      "subjectId": 1,
      "chapterId": 128,
      "chapterName": "Physical World and Measurement",
      "topicId": 1284,
      "topicName": "Dimensions and Units",
      "isPYQ": true,
      "pyqYear": 1999
    },
    {
      "questionId": 128049,
      "questionText": "An equation is given here (P + a/V²) = bθ/V where P = Pressure, V = Volume and θ = Absolute temperature. If a and b are constants, the dimensions of a will be",
      "optionsJson": "[\"[M⁻¹L³T⁻²]\", \"[ML²T⁻¹]\", \"[M⁻²L³T⁻²]\", \"[ML⁵T⁻²]\"]",
      "correctAnswersJson": "[3]",
      "explanation": "Since a/V² is added to pressure, dimensions of a/V² = dimensions of pressure [P]\n[a]/[L³]² = [ML⁻¹T⁻²] ⇒ [a] = [ML⁻¹T⁻²][L⁶] = [ML⁵T⁻²]",
      "isMultiple": false,
      "subjectId": 1,
      "chapterId": 128,
      "chapterName": "Physical World and Measurement",
      "topicId": 1284,
      "topicName": "Dimensions and Units",
      "isPYQ": true,
      "pyqYear": 1996
    },
    {
      "questionId": 128050,
      "questionText": "The density of a cube is measured by measuring its mass and length of its sides. If the maximum error in the measurement of mass and lengths are 3% and 2% respectively, the maximum error in the measurement of density would be",
      "optionsJson": "[\"12%\", \"14%\", \"7%\", \"9%\"]",
      "correctAnswersJson": "[3]",
      "explanation": "Maximum error in mass Δm/m = 3% = 3/100\nMaximum error in length Δl/l = 2% = 2/100\nMaximum error in density Δρ/ρ = Δm/m + 3×(Δl/l) = 3/100 + 3×(2/100) = 9/100 = 9%",
      "isMultiple": false,
      "subjectId": 1,
      "chapterId": 128,
      "chapterName": "Physical World and Measurement",
      "topicId": 1283,
      "topicName": "Error Analysis",
      "isPYQ": true,
      "pyqYear": 1996
    },
    {
      "questionId": 128051,
      "questionText": "The dimensions of impulse are equal to that of",
      "optionsJson": "[\"energy\", \"momentum\", \"angular momentum\", \"power\"]",
      "correctAnswersJson": "[1]",
      "explanation": "Impulse = Force × Time\nDimensions of impulse = Dimensions of force × Dimensions of time = [MLT⁻²][T] = [MLT⁻¹]\nDimensions of linear momentum [p] = [MLT⁻¹]",
      "isMultiple": false,
      "subjectId": 1,
      "chapterId": 128,
      "chapterName": "Physical World and Measurement",
      "topicId": 1284,
      "topicName": "Dimensions and Units",
      "isPYQ": true,
      "pyqYear": 1996
    },
    {
      "questionId": 128052,
      "questionText": "Which of the following dimensions will be the same as that of time?",
      "optionsJson": "[\"L/R\", \"C/L\", \"LC\", \"R/L\"]",
      "correctAnswersJson": "[0]",
      "explanation": "We know that [V] = [iR] = L(di/dt)\nor [i][R] = [L][i]/[t]\nThus L/R = [t] = [T]",
      "isMultiple": false,
      "subjectId": 1,
      "chapterId": 128,
      "chapterName": "Physical World and Measurement",
      "topicId": 1284,
      "topicName": "Dimensions and Units",
      "isPYQ": true,
      "pyqYear": 1996
    },
    {
      "questionId": 128053,
      "questionText": "Which of the following is a dimensional constant?",
      "optionsJson": "[\"Relative density\", \"Gravitational constant\", \"Refractive index\", \"Poisson's ratio\"]",
      "correctAnswersJson": "[1]",
      "explanation": "Relative density, refractive index and Poisson's ratio are all ratios, therefore they are dimensionless constants.\nGravitational constant G has dimensions [M⁻¹L³T⁻²] and is a dimensional constant.",
      "isMultiple": false,
      "subjectId": 1,
      "chapterId": 128,
      "chapterName": "Physical World and Measurement",
      "topicId": 1284,
      "topicName": "Dimensions and Units",
      "isPYQ": true,
      "pyqYear": 1995
    },
    {
      "questionId": 128054,
      "questionText": "The dimensions of RC is",
      "optionsJson": "[\"square of time\", \"square of inverse time\", \"time\", \"inverse time\"]",
      "correctAnswersJson": "[2]",
      "explanation": "Units of RC = ohm × (ohm⁻¹ × second) = second\nTherefore dimensions of RC = time",
      "isMultiple": false,
      "subjectId": 1,
      "chapterId": 128,
      "chapterName": "Physical World and Measurement",
      "topicId": 1284,
      "topicName": "Dimensions and Units",
      "isPYQ": true,
      "pyqYear": 1995
    },
    {
      "questionId": 128055,
      "questionText": "Percentage errors in the measurement of mass and speed are 2% and 3% respectively. The error in the estimate of kinetic energy obtained by measuring mass and speed will be",
      "optionsJson": "[\"8%\", \"2%\", \"12%\", \"10%\"]",
      "correctAnswersJson": "[0]",
      "explanation": "Percentage error in mass = 2% = 2/100\nPercentage error in speed = 3% = 3/100\nK.E. = ½mv²\nError in measurement of kinetic energy ΔK.E./K.E. = Δm/m + 2×(Δv/v) = 2/100 + 2×(3/100) = 8/100 = 8%",
      "isMultiple": false,
      "subjectId": 1,
      "chapterId": 128,
      "chapterName": "Physical World and Measurement",
      "topicId": 1283,
      "topicName": "Error Analysis",
      "isPYQ": true,
      "pyqYear": 1995
    },
    {
      "questionId": 128056,
      "questionText": "Which of the following has the dimensions of pressure?",
      "optionsJson": "[\"[MLT⁻²]\", \"[ML⁻¹T⁻²]\", \"[ML⁻²T⁻²]\", \"[M⁻¹L⁻¹]\"]",
      "correctAnswersJson": "[1]",
      "explanation": "Pressure = Force/Area\nDimensions of pressure = Force/Area = [MLT⁻²]/[L²] = [ML⁻¹T⁻²]",
      "isMultiple": false,
      "subjectId": 1,
      "chapterId": 128,
      "chapterName": "Physical World and Measurement",
      "topicId": 1284,
      "topicName": "Dimensions and Units",
      "isPYQ": true,
      "pyqYear": 1994
    },
    {
      "questionId": 128057,
      "questionText": "Turpentine oil is flowing through a tube of length l and radius r. The pressure difference between the two ends of the tube is P. The viscosity of oil is given by η = P(r² - x²)/(4vl) where v is the velocity of oil at a distance x from the axis of the tube. The dimensions of η are",
      "optionsJson": "[\"[M⁰L⁰T⁰]\", \"[MLT⁻¹]\", \"[ML²T⁻²]\", \"[ML⁻¹T⁻¹]\"]",
      "correctAnswersJson": "[3]",
      "explanation": "Dimensions of P = [ML⁻¹T⁻²]\nDimensions of r = [L]\nDimensions of v = [LT⁻¹]\nDimensions of l = [L]\nDimensions of η = [P][r² - x²]/[4vl] = [ML⁻¹T⁻²][L²]/[LT⁻¹][L] = [ML⁻¹T⁻¹]",
      "isMultiple": false,
      "subjectId": 1,
      "chapterId": 128,
      "chapterName": "Physical World and Measurement",
      "topicId": 1284,
      "topicName": "Dimensions and Units",
      "isPYQ": true,
      "pyqYear": 1993
    },
    {
      "questionId": 128058,
      "questionText": "The time dependence of a physical quantity p is given by p = p₀ exp(-αt²), where α is a constant and t is the time. The constant α",
      "optionsJson": "[\"is dimensionless\", \"has dimensions [T⁻²]\", \"has dimensions [T²]\", \"has dimensions of p\"]",
      "correctAnswersJson": "[1]",
      "explanation": "Given: p = p₀e^(-αt²)\nαt² is dimensionless ⇒ α = 1/t² = 1/[T²] = [T⁻²]",
      "isMultiple": false,
      "subjectId": 1,
      "chapterId": 128,
      "chapterName": "Physical World and Measurement",
      "topicId": 1284,
      "topicName": "Dimensions and Units",
      "isPYQ": true,
      "pyqYear": 1993
    },
    {
      "questionId": 128059,
      "questionText": "P represents radiation pressure, c represents speed of light and S represents radiation energy striking per unit area per sec. The non zero integers x, y, z such that PˣSʸcᶻ is dimensionless are",
      "optionsJson": "[\"x=1, y=1, z=1\", \"x=-1, y=1, z=1\", \"x=1, y=-1, z=1\", \"x=1, y=1, z=-1\"]",
      "correctAnswersJson": "[2]",
      "explanation": "Let k = PˣSʸcᶻ\nDimensions of P = Force/Area = [ML⁻¹T⁻²]\nDimensions of S = Energy/(Area×time) = [ML⁻³]\nDimensions of c = [LT⁻¹]\n[M⁰L⁰T⁰] = [ML⁻¹T⁻²]ˣ[ML⁻³]ʸ[LT⁻¹]ᶻ = [Mˣ⁺ʸ L⁻ˣ⁻³ʸ⁺ᶻ T⁻²ˣ⁻ᶻ]\nApplying homogeneity:\nx + y = 0; -x - 3y + z = 0; -2x - z = 0\nSolving: x = 1, y = -1, z = 1",
      "isMultiple": false,
      "subjectId": 1,
      "chapterId": 128,
      "chapterName": "Physical World and Measurement",
      "topicId": 1284,
      "topicName": "Dimensions and Units",
      "isPYQ": true,
      "pyqYear": 1992
    },
    {
      "questionId": 128060,
      "questionText": "A certain body weighs 22.42g and has a measured volume of 4.7cc. The possible error in the measurement of mass and volume are 0.01g and 0.1cc. Then maximum error in the density will be",
      "optionsJson": "[\"22%\", \"2%\", \"0.2%\", \"0.02%\"]",
      "correctAnswersJson": "[1]",
      "explanation": "Density = mass/Volume\nTake logarithm: ln ρ = ln m - ln V\nDifferentiate: Δρ/ρ = Δm/m - ΔV/V\nErrors are always added:\nError in density = Δm/m + ΔV/V × 100% = (0.01/22.42 + 0.1/4.7) × 100% = 2%",
      "isMultiple": false,
      "subjectId": 1,
      "chapterId": 128,
      "chapterName": "Physical World and Measurement",
      "topicId": 1283,
      "topicName": "Error Analysis",
      "isPYQ": true,
      "pyqYear": 1991
    },
    {
      "questionId": 128061,
      "questionText": "The dimensional formula of permeability of free space μ₀ is",
      "optionsJson": "[\"[MLT⁻²A⁻²]\", \"[M⁰L¹T]\", \"[M⁰L²T⁻¹A²]\", \"none of these\"]",
      "correctAnswersJson": "[0]",
      "explanation": "Permeability of free space μ₀ = (2π × force × distance)/(current × current × length)\nDimensional formula of μ₀ = [MLT⁻²][L]/[A][A][L] = [MLT⁻²A⁻²]",
      "isMultiple": false,
      "subjectId": 1,
      "chapterId": 128,
      "chapterName": "Physical World and Measurement",
      "topicId": 1284,
      "topicName": "Dimensions and Units",
      "isPYQ": true,
      "pyqYear": 1991
    },
    {
      "questionId": 128062,
      "questionText": "The frequency of vibration f of a mass m suspended from a spring of spring constant k is given by a relation f = amˣkʸ, where a is a dimensionless constant. The values of x and y are",
      "optionsJson": "[\"x=½, y=½\", \"x=-½, y=-½\", \"x=½, y=-½\", \"x=-½, y=½\"]",
      "correctAnswersJson": "[3]",
      "explanation": "f = amˣkʸ\nDimensions of frequency v = [M⁰L⁰T⁻¹]\nDimensions of constant a = [M⁰L⁰T⁰]\nDimensions of mass m = [M]\nDimensions of spring constant k = [MT⁻²]\n[M⁰L⁰T⁻¹] = [M]ˣ[MT⁻²]ʸ = [Mˣ⁺ʸ T⁻²ʸ]\nApplying homogeneity:\nx + y = 0; -2y = -1 ⇒ x = -½, y = ½",
      "isMultiple": false,
      "subjectId": 1,
      "chapterId": 128,
      "chapterName": "Physical World and Measurement",
      "topicId": 1284,
      "topicName": "Dimensions and Units",
      "isPYQ": true,
      "pyqYear": 1991
    },
    {
      "questionId": 128063,
      "questionText": "According to Newton, the viscous force acting between liquid layers of area A and velocity gradient Δv/ΔZ is given by F = -ηA(Δv/ΔZ), where η is constant called coefficient of viscosity. The dimensional formula of η is",
      "optionsJson": "[\"[ML⁻²T⁻²]\", \"[M⁰L⁰T⁰]\", \"[ML²T⁻²]\", \"[ML⁻¹T⁻¹]\"]",
      "correctAnswersJson": "[3]",
      "explanation": "Dimensions of force F = [MLT⁻²]\nDimensions of velocity gradient Δv/ΔZ = [LT⁻¹]/[L] = [T⁻¹]\nDimensions of area A = [L²]\nGiven F = -ηA(Δv/ΔZ)\nDimensional formula for coefficient of viscosity η = F/[(A)(Δv/ΔZ)] = [MLT⁻²]/([L²][T⁻¹]) = [ML⁻¹T⁻¹]",
      "isMultiple": false,
      "subjectId": 1,
      "chapterId": 128,
      "chapterName": "Physical World and Measurement",
      "topicId": 1284,
      "topicName": "Dimensions and Units",
      "isPYQ": true,
      "pyqYear": 1990
    },
    {
      "questionId": 128064,
      "questionText": "If x = at + bt², where x is the distance travelled by the body in kilometers while t is the time in seconds, then the units of b is",
      "optionsJson": "[\"km/s\", \"km s\", \"km/s²\", \"km s²\"]",
      "correctAnswersJson": "[2]",
      "explanation": "Units of b = x/t² = km/s²",
      "isMultiple": false,
      "subjectId": 1,
      "chapterId": 128,
      "chapterName": "Physical World and Measurement",
      "topicId": 1284,
      "topicName": "Dimensions and Units",
      "isPYQ": true,
      "pyqYear": 1989
    },
    {
      "questionId": 128065,
      "questionText": "Of the following quantities, which one has dimensions different from the remaining three?",
      "optionsJson": "[\"Energy per unit volume\", \"Force per unit area\", \"Product of voltage and charge per unit volume\", \"Angular momentum\"]",
      "correctAnswersJson": "[3]",
      "explanation": "Dimensions of energy/volume = [ML²T⁻²]/[L³] = [ML⁻¹T⁻²]\nDimensions of force/area = [MLT⁻²]/[L²] = [ML⁻¹T⁻²]\nDimensions of (voltage×charge)/volume = [ML²T⁻³A⁻¹][AT]/[L³] = [ML⁻¹T⁻²]\nDimensions of angular momentum = [ML²T⁻¹]\nAngular momentum has different dimensions",
      "isMultiple": false,
      "subjectId": 1,
      "chapterId": 128,
      "chapterName": "Physical World and Measurement",
      "topicId": 1284,
      "topicName": "Dimensions and Units",
      "isPYQ": true,
      "pyqYear": 1989
    },
    {
      "questionId": 128066,
      "questionText": "Dimensional formula of self inductance is",
      "optionsJson": "[\"[MLT⁻²A⁻²]\", \"[ML²T⁻¹A⁻²]\", \"[ML²T⁻²A⁻²]\", \"[ML²T⁻²A⁻¹]\"]",
      "correctAnswersJson": "[2]",
      "explanation": "Induced emf |ε| = L(dI/dt) where L is self inductance\nDimensional formula of L = |ε|/(dI/dt) = [ML²T⁻³A⁻¹]/[AT⁻¹] = [ML²T⁻²A⁻²]",
      "isMultiple": false,
      "subjectId": 1,
      "chapterId": 128,
      "chapterName": "Physical World and Measurement",
      "topicId": 1284,
      "topicName": "Dimensions and Units",
      "isPYQ": true,
      "pyqYear": 1989
    },
    {
      "questionId": 128067,
      "questionText": "The dimensional formula of torque is",
      "optionsJson": "[\"[ML²T⁻²]\", \"[MLT⁻²]\", \"[ML⁻¹T⁻²]\", \"[ML⁻²T⁻²]\"]",
      "correctAnswersJson": "[0]",
      "explanation": "Torque (τ) = Force × distance\nDimensional formula for τ = [MLT⁻²][L] = [ML²T⁻²]",
      "isMultiple": false,
      "subjectId": 1,
      "chapterId": 128,
      "chapterName": "Physical World and Measurement",
      "topicId": 1284,
      "topicName": "Dimensions and Units",
      "isPYQ": true,
      "pyqYear": 1989
    },
    {
      "questionId": 128068,
      "questionText": "If C and R denote capacitance and resistance, the dimensional formula of CR is",
      "optionsJson": "[\"[M⁰L⁰T¹]\", \"[M⁰L⁰T⁰]\", \"[M⁰L⁰T⁻¹]\", \"not expressible in terms of MLT\"]",
      "correctAnswersJson": "[0]",
      "explanation": "Capacitance C = Charge/Potential difference\nDimensions of C = [AT]/[ML²T⁻³A⁻¹] = [M⁻¹L⁻²T⁴A²]\nResistance R = Potential difference/Current = [ML²T⁻³A⁻¹]/[A] = [ML²T⁻³A⁻²]\nDimensional formula of CR = [M⁻¹L⁻²T⁴A²][ML²T⁻³A⁻²] = [T]",
      "isMultiple": false,
      "subjectId": 1,
      "chapterId": 128,
      "chapterName": "Physical World and Measurement",
      "topicId": 1284,
      "topicName": "Dimensions and Units",
      "isPYQ": true,
      "pyqYear": 1988
    },
    {
      "questionId": 128069,
      "questionText": "The dimensional formula of angular momentum is",
      "optionsJson": "[\"[ML²T⁻²]\", \"[ML⁻²T⁻¹]\", \"[MLT⁻¹]\", \"[ML²T⁻¹]\"]",
      "correctAnswersJson": "[3]",
      "explanation": "Angular momentum L = Moment of inertia I × Angular velocity ω\nDimensional formula L = [ML²][T⁻¹] = [ML²T⁻¹]",
      "isMultiple": false,
      "subjectId": 1,
      "chapterId": 128,
      "chapterName": "Physical World and Measurement",
      "topicId": 1284,
      "topicName": "Dimensions and Units",
      "isPYQ": true,
      "pyqYear": 1988
    },
    {
      "questionId": 128070,
      "questionText": "The book 'Genera Plantarum' was written by",
      "optionsJson": "[\"Hutchinson\", \"Engler and Prantl\", \"Eichler\", \"Carolus Linnaeus\"]",
      "correctAnswersJson": "[3]",
      "explanation": "Genera Plantarum is a publication by Carl Linnaeus (1707–1778), a Swedish naturalist. Genera Plantarum's first edition includes brief descriptions of the 935 genera of plants known to Linnaeus at that time. In his method of classification, plants are grouped according to the number of stamens and pistils in a flower, as used by Genera Plantarum.",
      "isMultiple": false,
      "subjectId": 1,
      "chapterId": 128,
      "chapterName": "Physical World and Measurement",
      "topicId": 1285,
      "topicName": "History of Physics",
      "isPYQ": true,
      "pyqYear": 1999
    }
  ]