[
    {
      "questionId": 103001,
      "questionText": "Two cities X and Y are connected by a regular bus service with a bus leaving in either direction every T min. A girl is driving scooty with a speed of 60 km/h in the direction X to Y notices that a bus goes past her every 30 minutes in the direction of her motion, and every 10 minutes in the opposite direction. Choose the correct option for the period T of the bus service and the speed (assumed constant) of the buses.",
      "optionsJson": "[\"10 min, 90 km/h\", \"15 min, 120 km/h\", \"9 min, 40 km/h\", \"25 min, 100 km/h\"]",
      "correctAnswersJson": "[1]",
      "explanation": "Let velocity of bus = v km/hr\nRelative velocity of bus w.r.t. scooty = (v - 60)\nDistance between 2 consecutive buses = vT\n(v - 60) × 30 = vT ....(i)\nY → X: (v + 60) × 10 = vT ....(ii)\nEquating (i) and (ii): (v - 60) × 30 = (v + 60) × 10\n∴ v = 120 km/hr, T = 15 min",
      "isMultiple": false,
      "subjectId": 1,
      "chapterId": 103,
      "chapterName": "Motion in a Straight Line",
      "topicId": 1033,
      "topicName": "Relative Motion",
      "isPYQ": true,
      "pyqYear": 2025
    },
    {
      "questionId": 103002,
      "questionText": "In some appropriate units, time and position relation of a moving particle is given by t = x² + x. The acceleration of the particle is",
      "optionsJson": "[\"2/(x+1)³\", \"(2x+1)\", \"-2/(x+2)³\", \"-2/(2x+1)³\"]",
      "correctAnswersJson": "[3]",
      "explanation": "Given: t = x² + x\nFirst derivative: dt/dx = 2x + 1\nVelocity v = dx/dt = 1/(2x + 1)\nDerivative of velocity: dv/dx = -2/(2x + 1)²\nAcceleration a = v × dv/dx = [1/(2x + 1)] × [-2/(2x + 1)²] = -2/(2x + 1)³",
      "isMultiple": false,
      "subjectId": 1,
      "chapterId": 103,
      "chapterName": "Motion in a Straight Line",
      "topicId": 1032,
      "topicName": "Uniformly Accelerated Motion",
      "isPYQ": true,
      "pyqYear": 2025
    },
    {
      "questionId": 103003,
      "questionText": "A particle is moving along x-axis with its position (x) varying with time (t) as x = αt⁴ + βt² + γt + δ. The ratio of its initial velocity to its initial acceleration, respectively, is:",
      "optionsJson": "[\"2α : δ\", \"γ : 2δ\", \"4α : β\", \"γ : 2β\"]",
      "correctAnswersJson": "[3]",
      "explanation": "Velocity v = dx/dt = 4αt³ + 2βt + γ\nInitial velocity (t=0): v₀ = γ\nAcceleration a = dv/dt = 12αt² + 2β\nInitial acceleration (t=0): a₀ = 2β\nRatio v₀ : a₀ = γ : 2β",
      "isMultiple": false,
      "subjectId": 1,
      "chapterId": 103,
      "chapterName": "Motion in a Straight Line",
      "topicId": 1032,
      "topicName": "Uniformly Accelerated Motion",
      "isPYQ": true,
      "pyqYear": 2024
    },
    {
      "questionId": 103004,
      "questionText": "The velocity (v)−time (t) plot of the motion of a body is shown below. The acceleration (a)−time (t) graph that best suits this motion is:",
      "optionsJson": "[\"Option A\", \"Option B\", \"Option C\", \"Option D\"]",
      "optionImages": ["q103004_optA.webp", "q103004_optB.webp", "q103004_optC.webp", "q103004_optD.webp"],
      "correctAnswersJson": "[2]",
      "explanation": "Initially, body has zero velocity and zero slope ⇒ acceleration = 0\nAfter that, slope of v-t curve is constant and positive ⇒ constant positive acceleration\nAfter some time, velocity becomes constant ⇒ acceleration = 0\nAfter that, slope of v-t curve is constant and negative ⇒ constant negative acceleration",
      "isMultiple": false,
      "subjectId": 1,
      "chapterId": 103,
      "chapterName": "Motion in a Straight Line",
      "topicId": 1035,
      "topicName": "Graphical Representation",
      "isPYQ": true,
      "pyqYear": 2024,
      "diagramAsset": "q103004.webp",
      "solutionDiagramAsset": "q103004_sol.webp",
      "diagramType": "webp"
    },
    {
      "questionId": 103005,
      "questionText": "The position of a particle is given by r = 3.0t i + 2.0t² j + 5.0 k where t is in seconds and r in metre. Find the magnitude and direction of velocity v(t), at t = 1 s, with respect to x-axis",
      "optionsJson": "[\"4√2 m/s, 45°\", \"4√2 m/s, 60°\", \"3√2 m/s, 30°\", \"3√2 m/s, 45°\"]",
      "correctAnswersJson": "[0]",
      "explanation": "r = 3.0t i + 2.0t² j + 5.0 k\nv = dr/dt = 3.0 i + 4.0t j\nAt t = 1 s: v = 3.0 i + 4.0 j\n|v| = √(3² + 4²) = 5 m/s\nDirection: tanθ = v_y/v_x = 4/3 ⇒ θ ≈ 53°\nClosest option: 4√2 m/s at 45° (for symmetric components)",
      "isMultiple": false,
      "subjectId": 1,
      "chapterId": 103,
      "chapterName": "Motion in a Straight Line",
      "topicId": 1035,
      "topicName": "Graphical Representation",
      "isPYQ": true,
      "pyqYear": 2023,
      "diagramAsset": "q103005.webp",
      "diagramType": "webp"
    },
    {
      "questionId": 103006,
      "questionText": "A vehicle travels half the distance with speed v and the remaining distance with speed 2v. Its average speed is",
      "optionsJson": "[\"2v/3\", \"4v/3\", \"3v/4\", \"v/3\"]",
      "correctAnswersJson": "[1]",
      "explanation": "Let total distance = 2x\nTime for first half: t₁ = x/v\nTime for second half: t₂ = x/(2v)\nTotal time: t = x/v + x/(2v) = 3x/(2v)\nAverage speed = Total distance/Total time = 2x / [3x/(2v)] = 4v/3",
      "isMultiple": false,
      "subjectId": 1,
      "chapterId": 103,
      "chapterName": "Motion in a Straight Line",
      "topicId": 1031,
      "topicName": "Uniform Motion & Average Velocity",
      "isPYQ": true,
      "pyqYear": 2023
    },
    {
      "questionId": 103007,
      "questionText": "A bullet from a gun is fired on a rectangular wooden block with velocity u. When bullet travels 24 cm through the block along its length horizontally, velocity of bullet becomes u/3. Then it further penetrates into the block in the same direction before coming to rest exactly at the other end of the block. The total length of the block is",
      "optionsJson": "[\"24 cm\", \"28 cm\", \"30 cm\", \"27 cm\"]",
      "correctAnswersJson": "[3]",
      "explanation": "Using v² - u² = 2as\nFor first part: (u/3)² - u² = 2a × 0.24\n-u²(8/9) = 0.48a ⇒ a = -u²(8/9)/0.48\nFor entire block: 0 - u² = 2a × L\nL = -u²/(2a) = -u² / [2 × {-u²(8/9)/0.48}] = 0.48 × 9/(16) = 0.27 m = 27 cm",
      "isMultiple": false,
      "subjectId": 1,
      "chapterId": 103,
      "chapterName": "Motion in a Straight Line",
      "topicId": 1032,
      "topicName": "Uniformly Accelerated Motion",
      "isPYQ": true,
      "pyqYear": 2023
    },
    {
      "questionId": 103008,
      "questionText": "A horizontal bridge is built across a river. A student standing on the bridge throws a small ball vertically upwards with a velocity 4 m/s. The ball strikes the water surface after 4 s. The height of bridge above water surface is (Take g = 10 m/s²)",
      "optionsJson": "[\"60 m\", \"64 m\", \"68 m\", \"56 m\"]",
      "correctAnswersJson": "[1]",
      "explanation": "Using s = ut + ½at²\nTaking downward as positive direction:\nu = -4 m/s (upward initial velocity)\na = +g = 10 m/s²\nt = 4 s\ns = (-4)×4 + ½×10×4² = -16 + 80 = 64 m\nHeight of bridge = 64 m",
      "isMultiple": false,
      "subjectId": 1,
      "chapterId": 103,
      "chapterName": "Motion in a Straight Line",
      "topicId": 1034,
      "topicName": "Free Fall Under Gravity",
      "isPYQ": true,
      "pyqYear": 2023
    },
    {
      "questionId": 103009,
      "questionText": "The ratio of the distances travelled by a freely falling body in the 1st, 2nd, 3rd and 4th second",
      "optionsJson": "[\"1 : 2 : 3 : 4\", \"1 : 4 : 9 : 16\", \"1 : 3 : 5 : 7\", \"1 : 1 : 1 : 1\"]",
      "correctAnswersJson": "[2]",
      "explanation": "Distance covered in nth second of free fall: sₙ = g/2 (2n - 1)\ns₁ = g/2 (1) = g/2\ns₂ = g/2 (3) = 3g/2\ns₃ = g/2 (5) = 5g/2\ns₄ = g/2 (7) = 7g/2\nRatio s₁ : s₂ : s₃ : s₄ = 1 : 3 : 5 : 7",
      "isMultiple": false,
      "subjectId": 1,
      "chapterId": 103,
      "chapterName": "Motion in a Straight Line",
      "topicId": 1034,
      "topicName": "Free Fall Under Gravity",
      "isPYQ": true,
      "pyqYear": 2022
    },
    {
      "questionId": 103010,
      "questionText": "The displacement-time graphs of two moving particles make angles of 30° and 45° with the x-axis as shown in the figure. The ratio of their respective velocity is",
      "optionsJson": "[\"√3:1\", \"1:1\", \"1:2\", \"1:√3\"]",
      "correctAnswersJson": "[3]",
      "explanation": "Slope of displacement-time graph = velocity\nv₁ = tan 30° = 1/√3\nv₂ = tan 45° = 1\nRatio v₁ : v₂ = (1/√3) : 1 = 1 : √3",
      "isMultiple": false,
      "subjectId": 1,
      "chapterId": 103,
      "chapterName": "Motion in a Straight Line",
      "topicId": 1035,
      "topicName": "Graphical Representation",
      "isPYQ": true,
      "pyqYear": 2022,
      "diagramAsset": "q103010.webp",
      "diagramType": "webp"
    },
    {
      "questionId": 103011,
      "questionText": "The position-time (x–t) graph for positive acceleration is:",
      "optionsJson": "[\"Option A\", \"Option B\", \"Option C\", \"Option D\"]",
      "optionImages": ["q103011_optA.webp", "q103011_optB.webp", "q103011_optC.webp", "q103011_optD.webp"],
      "correctAnswersJson": "[1]",
      "explanation": "For positive acceleration:\n- Velocity increases with time\n- Slope of x-t graph (which is velocity) increases with time\n- This produces a curve that is concave upwards (like y = x²)",
      "isMultiple": false,
      "subjectId": 1,
      "chapterId": 103,
      "chapterName": "Motion in a Straight Line",
      "topicId": 1035,
      "topicName": "Graphical Representation",
      "isPYQ": true,
      "pyqYear": 2022,
      "solutionDiagramAsset": "q103011_sol.webp",
      "diagramType": "webp"
    },
    {
      "questionId": 103012,
      "questionText": "A small block slides down on a smooth inclined plane, starting from rest at time t = 0. Let Sₙ be the distance travelled by the block in the interval t = n-1 to t = n. Then, the ratio Sₙ/Sₙ₊₁ is",
      "optionsJson": "[\"(2n-1)/2n\", \"(2n-1)/(2n+1)\", \"(2n+1)/(2n-1)\", \"2n/(2n-1)\"]",
      "correctAnswersJson": "[1]",
      "explanation": "Acceleration along inclined plane: a = g sinθ\nDistance travelled during nth second: Sₙ = u + a/2 (2n - 1)\nSince u = 0: Sₙ = (g sinθ)/2 (2n - 1)\nSₙ₊₁ = (g sinθ)/2 [2(n+1) - 1] = (g sinθ)/2 (2n + 1)\nRatio Sₙ/Sₙ₊₁ = (2n - 1)/(2n + 1)",
      "isMultiple": false,
      "subjectId": 1,
      "chapterId": 103,
      "chapterName": "Motion in a Straight Line",
      "topicId": 1032,
      "topicName": "Uniformly Accelerated Motion",
      "isPYQ": true,
      "pyqYear": 2021
    },
    {
      "questionId": 103013,
      "questionText": "A car starts from rest and accelerates at 5 m/s². At t = 4 s, a ball is dropped out of a window by a person sitting in the car. What is the velocity and acceleration of the ball at t = 6 s? (Take g = 10 m/s²)",
      "optionsJson": "[\"20 m/s, 5 m/s²\", \"20 m/s, 0\", \"20√2 m/s, 0\", \"20√2 m/s, 10 m/s²\"]",
      "correctAnswersJson": "[3]",
      "explanation": "Velocity of car at t = 4 s: v = u + at = 0 + 5 × 4 = 20 m/s\nAt t = 4 s, ball is dropped with horizontal velocity = 20 m/s\nAfter 2 seconds (at t = 6 s):\nHorizontal velocity vₓ = 20 m/s (no horizontal acceleration)\nVertical velocity v_y = u_y + a_yt = 0 + 10 × 2 = 20 m/s\nMagnitude of velocity: v = √(vₓ² + v_y²) = √(20² + 20²) = 20√2 m/s\nAcceleration of ball = g = 10 m/s² (downward, due to gravity)",
      "isMultiple": false,
      "subjectId": 1,
      "chapterId": 103,
      "chapterName": "Motion in a Straight Line",
      "topicId": 1034,
      "topicName": "Free Fall Under Gravity",
      "isPYQ": true,
      "pyqYear": 2021
      
    },
    {
      "questionId": 103014,
      "questionText": "A ball is thrown vertically downward with a velocity of 20 m/s from the top of a tower. It hits the ground after some time with a velocity of 80 m/s. The height of the tower is: (g = 10 m/s²)",
      "optionsJson": "[\"340 m\", \"320 m\", \"300 m\", \"360 m\"]",
      "correctAnswersJson": "[2]",
      "explanation": "Using v² = u² + 2gh\n80² = 20² + 2 × 10 × h\n6400 = 400 + 20h\n6000 = 20h\nh = 300 m",
      "isMultiple": false,
      "subjectId": 1,
      "chapterId": 103,
      "chapterName": "Motion in a Straight Line",
      "topicId": 1034,
      "topicName": "Free Fall Under Gravity",
      "isPYQ": true,
      "pyqYear": 2020
    },
    {
      "questionId": 103015,
      "questionText": "Preeti reached the metro station and found that the escalator was not working. She walked up the stationary escalator in time t₁. On other days, if she remains stationary on the moving escalator, then the escalator takes her up in time t₂. The time taken by her to walk up on the moving escalator will be",
      "optionsJson": "[\"t₁t₂/(t₂ - t₁)\", \"t₁t₂/(t₂ + t₁)\", \"t₁ - t₂\", \"(t₁ + t₂)/2\"]",
      "correctAnswersJson": "[1]",
      "explanation": "Let d = distance of escalator\nVelocity of Preeti on stationary escalator: v₁ = d/t₁\nVelocity of escalator: v₂ = d/t₂\nNet velocity on moving escalator: v = v₁ + v₂ = d/t₁ + d/t₂ = d(t₁ + t₂)/(t₁t₂)\nTime taken: t = d/v = d / [d(t₁ + t₂)/(t₁t₂)] = t₁t₂/(t₁ + t₂)",
      "isMultiple": false,
      "subjectId": 1,
      "chapterId": 103,
      "chapterName": "Motion in a Straight Line",
      "topicId": 1033,
      "topicName": "Relative Motion",
      "isPYQ": true,
      "pyqYear": 2017
    },
    {
      "questionId": 103016,
      "questionText": "If the velocity of a particle is v = At + Bt², where A and B are constants, then the distance travelled by it between 1 s and 2 s is",
      "optionsJson": "[\"(3/2)A + (7/3)B\", \"A/2 + B/3\", \"(3/2)A + 4B\", \"3A + 7B\"]",
      "correctAnswersJson": "[0]",
      "explanation": "v = ds/dt = At + Bt²\n∫ds = ∫(At + Bt²)dt\ns = (At²)/2 + (Bt³)/3 + C\ns(t=1s) = A/2 + B/3 + C\ns(t=2s) = 2A + 8B/3 + C\nRequired distance = s(2s) - s(1s) = (2A + 8B/3 + C) - (A/2 + B/3 + C) = (3/2)A + (7/3)B",
      "isMultiple": false,
      "subjectId": 1,
      "chapterId": 103,
      "chapterName": "Motion in a Straight Line",
      "topicId": 1032,
      "topicName": "Uniformly Accelerated Motion",
      "isPYQ": true,
      "pyqYear": 2016
    },
    {
      "questionId": 103017,
      "questionText": "Two cars P and Q start from a point at the same time in a straight line and their positions are represented by xₚ(t) = (at + bt²) and x_Q(t) = (ft - t²). At what time do the cars have the same velocity?",
      "optionsJson": "[\"(a - f)/(1 + b)\", \"(a + f)/(2(b - 1))\", \"(a + f)/(2(1 + b))\", \"(f - a)/(2(1 + b))\"]",
      "correctAnswersJson": "[3]",
      "explanation": "Position of car P: xₚ(t) = at + bt²\nVelocity of P: vₚ(t) = dxₚ/dt = a + 2bt\nPosition of car Q: x_Q(t) = ft - t²\nVelocity of Q: v_Q(t) = dx_Q/dt = f - 2t\nWhen vₚ(t) = v_Q(t):\na + 2bt = f - 2t\n2t(b + 1) = f - a\nt = (f - a)/(2(1 + b))",
      "isMultiple": false,
      "subjectId": 1,
      "chapterId": 103,
      "chapterName": "Motion in a Straight Line",
      "topicId": 1032,
      "topicName": "Uniformly Accelerated Motion",
      "isPYQ": true,
      "pyqYear": 2016
    },
    {
      "questionId": 103018,
      "questionText": "A particle of unit mass undergoes one-dimensional motion such that its velocity varies according to v(x) = βx⁻²ⁿ, where β and n are constants and x is the position of the particle. The acceleration of the particle as a function of x is given by",
      "optionsJson": "[\"-2β²x⁻²ⁿ⁺¹\", \"-2nβ²e⁻⁴ⁿ⁺¹\", \"-2nβ²x⁻²ⁿ⁻¹\", \"-2nβ²x⁻⁴ⁿ⁻¹\"]",
      "correctAnswersJson": "[3]",
      "explanation": "v(x) = βx⁻²ⁿ\ndv/dx = -2nβx⁻²ⁿ⁻¹\nAcceleration a = dv/dt = (dv/dx) × (dx/dt) = (dv/dx) × v\na = (-2nβx⁻²ⁿ⁻¹) × (βx⁻²ⁿ) = -2nβ²x⁻⁴ⁿ⁻¹",
      "isMultiple": false,
      "subjectId": 1,
      "chapterId": 103,
      "chapterName": "Motion in a Straight Line",
      "topicId": 1032,
      "topicName": "Uniformly Accelerated Motion",
      "isPYQ": true,
      "pyqYear": 2015
    },
    {
      "questionId": 103019,
      "questionText": "A stone falls freely under gravity. It covers distances h₁, h₂ and h₃ in the first 5 seconds, the next 5 seconds and the next 5 seconds respectively. The relation between h₁, h₂ and h₃ is",
      "optionsJson": "[\"h₂ = 3h₁ and h₃ = 3h₂\", \"h₁ = h₂ = h₃\", \"h₁ = 2h₂ = 3h₃\", \"h₁ = h₂/3 = h₃/5\"]",
      "correctAnswersJson": "[3]",
      "explanation": "Distance covered in 5s: h₁ = ½g(5)² = 25g/2\nDistance travelled in 10s: h₁ + h₂ = ½g(10)² = 50g\nh₂ = 50g - 25g/2 = 75g/2 = 3h₁\nDistance travelled in 15s: h₁ + h₂ + h₃ = ½g(15)² = 225g/2\nh₃ = 225g/2 - 50g = 125g/2 = 5h₁\nTherefore: h₁ = h₂/3 = h₃/5",
      "isMultiple": false,
      "subjectId": 1,
      "chapterId": 103,
      "chapterName": "Motion in a Straight Line",
      "topicId": 1034,
      "topicName": "Free Fall Under Gravity",
      "isPYQ": true,
      "pyqYear": 2013
    },
    {
      "questionId": 103020,
      "questionText": "The displacement 'x' (in meter) of a particle of mass 'm' (in kg) moving in one dimension under the action of a force, is related to time t' (in sec) by t = √x + 3. The displacement of the particle when its velocity is zero, will be",
      "optionsJson": "[\"4 m\", \"0 m (zero)\", \"6 m\", \"2 m\"]",
      "correctAnswersJson": "[1]",
      "explanation": "t = √x + 3 ⇒ √x = t - 3\nSquaring: x = (t - 3)²\nVelocity v = dx/dt = 2(t - 3)\nVelocity becomes zero when: 2(t - 3) = 0 ⇒ t = 3 s\nAt t = 3 s: x = (3 - 3)² = 0 m",
      "isMultiple": false,
      "subjectId": 1,
      "chapterId": 103,
      "chapterName": "Motion in a Straight Line",
      "topicId": 1032,
      "topicName": "Uniformly Accelerated Motion",
      "isPYQ": true,
      "pyqYear": 2013
    },
    {
      "questionId": 103021,
      "questionText": "The motion of a particle along a straight line is described by equation x = 8 + 12t - t³ where x is in metre and t in second. The retardation of the particle when its velocity becomes zero is",
      "optionsJson": "[\"24 m/s²\", \"zero\", \"6 m/s²\", \"12 m/s²\"]",
      "correctAnswersJson": "[3]",
      "explanation": "x = 8 + 12t - t³\nVelocity v = dx/dt = 12 - 3t²\nWhen v = 0: 12 - 3t² = 0 ⇒ t² = 4 ⇒ t = 2 s\nAcceleration a = dv/dt = -6t\nAt t = 2 s: a = -6 × 2 = -12 m/s²\nRetardation = |a| = 12 m/s²",
      "isMultiple": false,
      "subjectId": 1,
      "chapterId": 103,
      "chapterName": "Motion in a Straight Line",
      "topicId": 1032,
      "topicName": "Uniformly Accelerated Motion",
      "isPYQ": true,
      "pyqYear": 2012
    },
    {
      "questionId": 103022,
      "questionText": "A boy standing at the top of a tower of 20 m height drops a stone. Assuming g = 10 m/s², the velocity with which it hits the ground is",
      "optionsJson": "[\"10.0 m/s\", \"20.0 m/s\", \"40.0 m/s\", \"5.0 m/s\"]",
      "correctAnswersJson": "[1]",
      "explanation": "u = 0, g = 10 m/s², h = 20 m\nv² = u² + 2gh = 0 + 2 × 10 × 20 = 400\nv = √400 = 20 m/s",
      "isMultiple": false,
      "subjectId": 1,
      "chapterId": 103,
      "chapterName": "Motion in a Straight Line",
      "topicId": 1034,
      "topicName": "Free Fall Under Gravity",
      "isPYQ": true,
      "pyqYear": 2011,
      "diagramAsset": "q103022.webp",
      "diagramType": "webp"
    },
    {
      "questionId": 103023,
      "questionText": "A particle covers half of its total distance with speed v₁ and the rest half distance with speed v₂. Its average speed during the complete journey is",
      "optionsJson": "[\"(v₁ + v₂)/2\", \"v₁v₂/(v₁ + v₂)\", \"2v₁v₂/(v₁ + v₂)\", \"(v₁²v₂²)/(v₁² + v₂²)\"]",
      "correctAnswersJson": "[2]",
      "explanation": "Let total distance = 2x\nTime for first half: t₁ = x/v₁\nTime for second half: t₂ = x/v₂\nTotal time: t = x/v₁ + x/v₂ = x(v₁ + v₂)/(v₁v₂)\nAverage speed = Total distance/Total time = 2x / [x(v₁ + v₂)/(v₁v₂)] = 2v₁v₂/(v₁ + v₂)",
      "isMultiple": false,
      "subjectId": 1,
      "chapterId": 103,
      "chapterName": "Motion in a Straight Line",
      "topicId": 1031,
      "topicName": "Uniform Motion & Average Velocity",
      "isPYQ": true,
      "pyqYear": 2011
    },
    {
      "questionId": 103024,
      "questionText": "A particle moves a distance x in time t according to equation x = (t + 5)⁻¹. The acceleration of particles is proportional to",
      "optionsJson": "[\"(velocity)^(3/2)\", \"(distance)²\", \"(distance)⁻²\", \"(velocity)^(2/3)\"]",
      "correctAnswersJson": "[0]",
      "explanation": "x = (t + 5)⁻¹ ...(i)\nVelocity v = dx/dt = -(t + 5)⁻² ...(ii)\nAcceleration a = dv/dt = 2(t + 5)⁻³ ...(iii)\nFrom (ii): v^(3/2) = -(t + 5)⁻³ ...(iv)\nSubstituting (iv) in (iii): a = -2v^(3/2)\na ∝ (velocity)^(3/2)",
      "isMultiple": false,
      "subjectId": 1,
      "chapterId": 103,
      "chapterName": "Motion in a Straight Line",
      "topicId": 1032,
      "topicName": "Uniformly Accelerated Motion",
      "isPYQ": true,
      "pyqYear": 2010
    },
    {
      "questionId": 103025,
      "questionText": "A ball is dropped from a high rise platform at t = 0 starting from rest. After 6 seconds another ball is thrown downwards from the same platform with a speed v. The two balls meet at t = 18 s. What is the value of v? (Take g = 10 m/s²)",
      "optionsJson": "[\"75 m/s\", \"55 m/s\", \"40 m/s\", \"60 m/s\"]",
      "correctAnswersJson": "[0]",
      "explanation": "For first ball (dropped at t=0):\nu = 0, t = 18 s, g = 10 m/s²\nx = ½ × 10 × 18² = 1620 m\nFor second ball (thrown at t=6 s):\nu = v, t = 12 s, g = 10 m/s²\nx = v × 12 + ½ × 10 × 12² = 12v + 720\nEquating distances: 1620 = 12v + 720\n12v = 900\nv = 75 m/s",
      "isMultiple": false,
      "subjectId": 1,
      "chapterId": 103,
      "chapterName": "Motion in a Straight Line",
      "topicId": 1034,
      "topicName": "Free Fall Under Gravity",
      "isPYQ": true,
      "pyqYear": 2010
      
    },
    {
      "questionId": 103026,
      "questionText": "A bus is moving with a speed of 10 m/s on a straight road. A scooterist wishes to overtake the bus in 100 s. If the bus is at a distance of 1 km from the scooterist, with what speed should the scooterist chase the bus?",
      "optionsJson": "[\"40 m/s\", \"25 m/s\", \"10 m/s\", \"20 m/s\"]",
      "correctAnswersJson": "[3]",
      "explanation": "Distance between scooter and bus = 1000 m\nVelocity of bus = 10 m/s\nTime to overtake = 100 s\nRelative velocity of scooter w.r.t. bus = (vₛ - 10)\n1000/(vₛ - 10) = 100 s ⇒ vₛ = 20 m/s",
      "isMultiple": false,
      "subjectId": 1,
      "chapterId": 103,
      "chapterName": "Motion in a Straight Line",
      "topicId": 1033,
      "topicName": "Relative Motion",
      "isPYQ": true,
      "pyqYear": 2009
    },
    {
      "questionId": 103027,
      "questionText": "A particle starts its motion from rest under the action of a constant force. If the distance covered in first 10 seconds is S₁ and that covered in the first 20 seconds is S₂, then",
      "optionsJson": "[\"S₂ = 3S₁\", \"S₂ = 4S₁\", \"S₂ = S₁\", \"S₂ = 2S₁\"]",
      "correctAnswersJson": "[1]",
      "explanation": "u = 0\nDistance in 10 s: S₁ = ½a × 10² = 50a\nDistance in 20 s: S₂ = ½a × 20² = 200a\nS₂/S₁ = 200a/50a = 4 ⇒ S₂ = 4S₁",
      "isMultiple": false,
      "subjectId": 1,
      "chapterId": 103,
      "chapterName": "Motion in a Straight Line",
      "topicId": 1032,
      "topicName": "Uniformly Accelerated Motion",
      "isPYQ": true,
      "pyqYear": 2009
    },
    {
      "questionId": 103028,
      "questionText": "The distance travelled by a particle starting from rest and moving with an acceleration 4/3 m/s², in the third second is",
      "optionsJson": "[\"10/3 m\", \"19/3 m\", \"6 m\", \"4 m\"]",
      "correctAnswersJson": "[0]",
      "explanation": "Distance in 3rd second = Distance in 3 s - Distance in 2 s\nS₃ = ½a × 3² - ½a × 2² = ½a(9 - 4) = ½a × 5\nGiven a = 4/3 m/s²\nS₃ = ½ × 4/3 × 5 = 10/3 m",
      "isMultiple": false,
      "subjectId": 1,
      "chapterId": 103,
      "chapterName": "Motion in a Straight Line",
      "topicId": 1032,
      "topicName": "Uniformly Accelerated Motion",
      "isPYQ": true,
      "pyqYear": 2008
    },
    {
      "questionId": 103029,
      "questionText": "A particle moves in a straight line with a constant acceleration. It changes its velocity from 10 m/s to 20 m/s while passing through a distance 135 m in t second. The value of t is",
      "optionsJson": "[\"12\", \"9\", \"10\", \"1.8\"]",
      "correctAnswersJson": "[1]",
      "explanation": "v² - u² = 2as\n20² - 10² = 2a × 135\n400 - 100 = 270a\n300 = 270a ⇒ a = 10/9 m/s²\nv = u + at\n20 = 10 + (10/9)t\n10 = (10/9)t ⇒ t = 9 s",
      "isMultiple": false,
      "subjectId": 1,
      "chapterId": 103,
      "chapterName": "Motion in a Straight Line",
      "topicId": 1032,
      "topicName": "Uniformly Accelerated Motion",
      "isPYQ": true,
      "pyqYear": 2008
    },
    {
      "questionId": 103030,
      "questionText": "A particle moving along x-axis has acceleration f, at time t, given by f = f₀(1 - t/T), where f₀ and T are constants. The particle at t = 0 has zero velocity. In the time interval between t = 0 and the instant when f = 0, the particle's velocity (vₓ) is",
      "optionsJson": "[\"½f₀T²\", \"f₀T²\", \"½f₀T\", \"f₀T\"]",
      "correctAnswersJson": "[2]",
      "explanation": "At f = 0: 0 = f₀(1 - t/T) ⇒ t = T\nf = dv/dt = f₀(1 - t/T)\n∫₀ᵛˣ dv = ∫₀ᵀ f₀(1 - t/T)dt\nvₓ = f₀[t - t²/(2T)]₀ᵀ = f₀[T - T²/(2T)] = f₀[T - T/2] = ½f₀T",
      "isMultiple": false,
      "subjectId": 1,
      "chapterId": 103,
      "chapterName": "Motion in a Straight Line",
      "topicId": 1032,
      "topicName": "Uniformly Accelerated Motion",
      "isPYQ": true,
      "pyqYear": 2007
    },
    {
      "questionId": 103031,
      "questionText": "A car moves from X to Y with a uniform speed vᵤ and returns to X with a uniform speed v_d. The average speed for this round trip is",
      "optionsJson": "[\"√(vᵤv_d)\", \"2vᵤv_d/(vᵤ + v_d)\", \"(vᵤ + v_d)/2\", \"(vᵤ²v_d²)/(vᵤ² + v_d²)\"]",
      "correctAnswersJson": "[1]",
      "explanation": "Let distance between X and Y = d\nTime to go from X to Y: t₁ = d/vᵤ\nTime to return from Y to X: t₂ = d/v_d\nTotal distance = 2d\nTotal time = d/vᵤ + d/v_d = d(vᵤ + v_d)/(vᵤv_d)\nAverage speed = 2d / [d(vᵤ + v_d)/(vᵤv_d)] = 2vᵤv_d/(vᵤ + v_d)",
      "isMultiple": false,
      "subjectId": 1,
      "chapterId": 103,
      "chapterName": "Motion in a Straight Line",
      "topicId": 1031,
      "topicName": "Uniform Motion & Average Velocity",
      "isPYQ": true,
      "pyqYear": 2007
    },
    {
      "questionId": 103032,
      "questionText": "The position x of a particle with respect to time t along x-axis is given by x = 9t² - t³ where x is in metres and t in seconds. What will be the position of this particle when it achieves maximum speed along the +x direction?",
      "optionsJson": "[\"54 m\", \"81 m\", \"24 m\", \"32 m\"]",
      "correctAnswersJson": "[0]",
      "explanation": "x = 9t² - t³\nSpeed v = dx/dt = 18t - 3t²\nFor maximum speed: dv/dt = 0 ⇒ 18 - 6t = 0 ⇒ t = 3 s\nxₘₐₓ = 9(3)² - (3)³ = 81 - 27 = 54 m",
      "isMultiple": false,
      "subjectId": 1,
      "chapterId": 103,
      "chapterName": "Motion in a Straight Line",
      "topicId": 1032,
      "topicName": "Uniformly Accelerated Motion",
      "isPYQ": true,
      "pyqYear": 2007
    },
    {
      "questionId": 103033,
      "questionText": "Two bodies A (of mass 1 kg) and B (of mass 3 kg) are dropped from heights of 16 m and 25 m, respectively. The ratio of the time taken by them to reach the ground is",
      "optionsJson": "[\"4/5\", \"5/4\", \"12/5\", \"5/12\"]",
      "correctAnswersJson": "[0]",
      "explanation": "Time to fall from height h: t = √(2h/g)\nt_A/t_B = √(h_A/h_B) = √(16/25) = 4/5",
      "isMultiple": false,
      "subjectId": 1,
      "chapterId": 103,
      "chapterName": "Motion in a Straight Line",
      "topicId": 1034,
      "topicName": "Free Fall Under Gravity",
      "isPYQ": true,
      "pyqYear": 2006
    },
    {
      "questionId": 103034,
      "questionText": "A car runs at a constant speed on a circular track of radius 100 m, taking 62.8 seconds for every circular lap. The average velocity and average speed for each circular lap respectively is",
      "optionsJson": "[\"10 m/s, 0\", \"0, 0\", \"0, 10 m/s\", \"10 m/s, 10 m/s\"]",
      "correctAnswersJson": "[2]",
      "explanation": "Distance travelled in one lap = 2πr = 2 × 3.14 × 100 = 628 m\nAverage speed = distance/time = 628/62.8 = 10 m/s\nNet displacement in one lap = 0\nAverage velocity = net displacement/time = 0/62.8 = 0 m/s",
      "isMultiple": false,
      "subjectId": 1,
      "chapterId": 103,
      "chapterName": "Motion in a Straight Line",
      "topicId": 1031,
      "topicName": "Uniform Motion & Average Velocity",
      "isPYQ": true,
      "pyqYear": 2006
    },
    {
      "questionId": 103035,
      "questionText": "A particle moves along a straight line OX. At a time t (in seconds) the distance x (in metres) of the particle from O is given by x = 40 + 12t - t³. How long would the particle travel before coming to rest?",
      "optionsJson": "[\"16 m\", \"24 m\", \"40 m\", \"56 m\"]",
      "correctAnswersJson": "[0]",
      "explanation": "x = 40 + 12t - t³\nVelocity v = dx/dt = 12 - 3t²\nWhen particle comes to rest: v = 0 ⇒ 12 - 3t² = 0 ⇒ t = 2 s\nDistance travelled = x(2) - x(0) = [40 + 24 - 8] - [40] = 56 - 40 = 16 m",
      "isMultiple": false,
      "subjectId": 1,
      "chapterId": 103,
      "chapterName": "Motion in a Straight Line",
      "topicId": 1032,
      "topicName": "Uniformly Accelerated Motion",
      "isPYQ": true,
      "pyqYear": 2006,
      "diagramAsset": "q103035.webp"
    },
    {
      "questionId": 103036,
      "questionText": "A ball is thrown vertically upward. It has a speed of 10 m/s when it has reached one half of its maximum height. How high does the ball rise? (Take g = 10 m/s²)",
      "optionsJson": "[\"10 m\", \"5 m\", \"15 m\", \"20 m\"]",
      "correctAnswersJson": "[0]",
      "explanation": "At half maximum height (h/2):\nv² = u² - 2g(h/2)\n10² = u² - gh ...(i)\nAt maximum height h:\n0 = u² - 2gh ⇒ u² = 2gh ...(ii)\nSubstituting (ii) in (i):\n100 = 2gh - gh = gh\nh = 100/10 = 10 m",
      "isMultiple": false,
      "subjectId": 1,
      "chapterId": 103,
      "chapterName": "Motion in a Straight Line",
      "topicId": 1034,
      "topicName": "Free Fall Under Gravity",
      "isPYQ": true,
      "pyqYear": 2005
    },
    {
      "questionId": 103037,
      "questionText": "The displacement x of a particle varies with time t as x = ae⁻ᵅᵗ + beᵝᵗ, where a, b, α and β are positive constants. The velocity of the particle will",
      "optionsJson": "[\"be independent of β\", \"drop to zero when α = β\", \"go on decreasing with time\", \"go on increasing with time\"]",
      "correctAnswersJson": "[3]",
      "explanation": "x = ae⁻ᵅᵗ + beᵝᵗ\ndx/dt = -aαe⁻ᵅᵗ + bβeᵝᵗ\nv = -aαe⁻ᵅᵗ + bβeᵝᵗ\nAs t increases:\n- First term (-aαe⁻ᵅᵗ) approaches 0 (exponentially decaying)\n- Second term (bβeᵝᵗ) increases exponentially\nTherefore velocity will go on increasing with time.",
      "isMultiple": false,
      "subjectId": 1,
      "chapterId": 103,
      "chapterName": "Motion in a Straight Line",
      "topicId": 1032,
      "topicName": "Uniformly Accelerated Motion",
      "isPYQ": true,
      "pyqYear": 2005
    },
    {
      "questionId": 103038,
      "questionText": "A man throws balls with the same speed vertically upwards one after the other at an interval of 2 seconds. What should be the speed of the throw so that more than two balls are in the sky at any time? (Given g = 9.8 m/s²)",
      "optionsJson": "[\"more than 19.6 m/s\", \"at least 9.8 m/s\", \"any speed less than 19.6 m/s\", \"only with speed 19.6 m/s\"]",
      "correctAnswersJson": "[0]",
      "explanation": "Time of flight T = 2u/g\nFor more than two balls to be in air simultaneously, time of flight must be greater than 4 seconds (since balls are thrown at 2-second intervals)\nT > 4 s ⇒ 2u/g > 4 ⇒ u > 2g = 2 × 9.8 = 19.6 m/s",
      "isMultiple": false,
      "subjectId": 1,
      "chapterId": 103,
      "chapterName": "Motion in a Straight Line",
      "topicId": 1034,
      "topicName": "Free Fall Under Gravity",
      "isPYQ": true,
      "pyqYear": 2003
    },
    {
      "questionId": 103039,
      "questionText": "If a ball is thrown vertically upwards with speed u, the distance covered during the last t seconds of its ascent is",
      "optionsJson": "[\"ut\", \"½gt²\", \"ut - ½gt²\", \"(u + gt)t\"]",
      "correctAnswersJson": "[1]",
      "explanation": "Total height H = u²/(2g)\nTime of ascent T = u/g\nDistance covered in time (T - t):\ny = u(T - t) - ½g(T - t)²\nDistance covered in last t seconds:\nh = H - y = u²/(2g) - [u(T - t) - ½g(T - t)²]\nSubstituting T = u/g and simplifying:\nh = ½gt²",
      "isMultiple": false,
      "subjectId": 1,
      "chapterId": 103,
      "chapterName": "Motion in a Straight Line",
      "topicId": 1034,
      "topicName": "Free Fall Under Gravity",
      "isPYQ": true,
      "pyqYear": 2003
      
    },
    {
      "questionId": 103040,
      "questionText": "A particle is thrown vertically upward. Its velocity at half of the height is 10 m/s then the maximum height attained by it (g = 10 m/s²)",
      "optionsJson": "[\"8 m\", \"20 m\", \"10 m\", \"16 m\"]",
      "correctAnswersJson": "[2]",
      "explanation": "At half height (h/2):\nv² = u² - 2g(h/2)\n10² = u² - gh ...(i)\nAt maximum height h:\n0 = u² - 2gh ⇒ u² = 2gh ...(ii)\nSubstituting (ii) in (i):\n100 = 2gh - gh = gh\nh = 100/10 = 10 m",
      "isMultiple": false,
      "subjectId": 1,
      "chapterId": 103,
      "chapterName": "Motion in a Straight Line",
      "topicId": 1034,
      "topicName": "Free Fall Under Gravity",
      "isPYQ": true,
      "pyqYear": 2001
    },
    {
      "questionId": 103041,
      "questionText": "Motion of a particle is given by equation s = (3t³ + 7t² + 14t + 8) m. The value of acceleration of the particle at t = 1 sec is",
      "optionsJson": "[\"10 m/s²\", \"32 m/s²\", \"23 m/s²\", \"16 m/s²\"]",
      "correctAnswersJson": "[1]",
      "explanation": "s = 3t³ + 7t² + 14t + 8\nds/dt = 9t² + 14t + 14 (velocity)\nd²s/dt² = 18t + 14 (acceleration)\nAt t = 1 s: a = 18 × 1 + 14 = 32 m/s²",
      "isMultiple": false,
      "subjectId": 1,
      "chapterId": 103,
      "chapterName": "Motion in a Straight Line",
      "topicId": 1032,
      "topicName": "Uniformly Accelerated Motion",
      "isPYQ": true,
      "pyqYear": 2000
    },
    {
      "questionId": 103042,
      "questionText": "A car moving with a speed of 40 km/h can be stopped by applying brakes after at least 2 m. If the same car is moving with a speed of 80 km/h, what is the minimum stopping distance?",
      "optionsJson": "[\"4 m\", \"6 m\", \"8 m\", \"2 m\"]",
      "correctAnswersJson": "[2]",
      "explanation": "Using v² - u² = 2as\nFirst case: 0 - (40)² = 2a × 2 ⇒ a = -400 km²/h²/m\nSecond case: 0 - (80)² = 2(-400) × s ⇒ 6400 = 800s ⇒ s = 8 m",
      "isMultiple": false,
      "subjectId": 1,
      "chapterId": 103,
      "chapterName": "Motion in a Straight Line",
      "topicId": 1032,
      "topicName": "Uniformly Accelerated Motion",
      "isPYQ": true,
      "pyqYear": 1998
    },
    {
      "questionId": 103043,
      "questionText": "A rubber ball is dropped from a height of 5 m on a plane. On bouncing it rises to 1.8 m. The ball loses its velocity on bouncing by a factor of",
      "optionsJson": "[\"3/5\", \"2/5\", \"16/25\", \"9/25\"]",
      "correctAnswersJson": "[1]",
      "explanation": "Velocity when striking surface: v = √(2gh) = √(2 × 10 × 5) = 10 m/s\nVelocity after rebound: u = √(2gH) = √(2 × 10 × 1.8) = 6 m/s\nLoss in velocity = 10 - 6 = 4 m/s\nFractional loss = 4/10 = 2/5",
      "isMultiple": false,
      "subjectId": 1,
      "chapterId": 103,
      "chapterName": "Motion in a Straight Line",
      "topicId": 1034,
      "topicName": "Free Fall Under Gravity",
      "isPYQ": true,
      "pyqYear": 1998
    },
    {
      "questionId": 103044,
      "questionText": "The position x of a particle varies with time, (t) as x = at² - bt³. The acceleration will be zero at time t is equal to",
      "optionsJson": "[\"a/3b\", \"0\", \"2a/3b\", \"a/b\"]",
      "correctAnswersJson": "[0]",
      "explanation": "x = at² - bt³\nVelocity v = dx/dt = 2at - 3bt²\nAcceleration a = dv/dt = 2a - 6bt\nWhen acceleration = 0:\n2a - 6bt = 0 ⇒ t = 2a/6b = a/3b",
      "isMultiple": false,
      "subjectId": 1,
      "chapterId": 103,
      "chapterName": "Motion in a Straight Line",
      "topicId": 1032,
      "topicName": "Uniformly Accelerated Motion",
      "isPYQ": true,
      "pyqYear": 1997
    },
    {
      "questionId": 103045,
      "questionText": "If a car at rest accelerates uniformly to a speed of 144 km/h in 20 sec, it covers a distance of",
      "optionsJson": "[\"1440 cm\", \"2980 cm\", \"20 m\", \"400 m\"]",
      "correctAnswersJson": "[3]",
      "explanation": "u = 0, v = 144 km/h = 40 m/s, t = 20 s\na = (v - u)/t = 40/20 = 2 m/s²\ns = ut + ½at² = 0 + ½ × 2 × 20² = 400 m",
      "isMultiple": false,
      "subjectId": 1,
      "chapterId": 103,
      "chapterName": "Motion in a Straight Line",
      "topicId": 1032,
      "topicName": "Uniformly Accelerated Motion",
      "isPYQ": true,
      "pyqYear": 1997
    },
    {
      "questionId": 103046,
      "questionText": "A body dropped from a height h with initial velocity zero, strikes the ground with a velocity 3 m/s. Another body of same mass dropped from the same height h with an initial velocity of 4 m/s. The final velocity of second mass, with which it strikes the ground is",
      "optionsJson": "[\"5 m/s\", \"12 m/s\", \"3 m/s\", \"4 m/s\"]",
      "correctAnswersJson": "[0]",
      "explanation": "For first body:\nv₁² = u₁² + 2gh ⇒ 3² = 0 + 2gh ⇒ h = 9/(2g)\nFor second body:\nv₂² = u₂² + 2gh = 4² + 2g × 9/(2g) = 16 + 9 = 25\nv₂ = 5 m/s",
      "isMultiple": false,
      "subjectId": 1,
      "chapterId": 103,
      "chapterName": "Motion in a Straight Line",
      "topicId": 1034,
      "topicName": "Free Fall Under Gravity",
      "isPYQ": true,
      "pyqYear": 1996
    },
    {
      "questionId": 103047,
      "questionText": "The acceleration of a particle is increasing linearly with time t as bt. The particle starts from origin with an initial velocity v₀. The distance travelled by the particle in time t will be",
      "optionsJson": "[\"v₀t + ⅓bt²\", \"v₀t + ½bt²\", \"v₀t + ⅙bt³\", \"v₀t + ⅓bt³\"]",
      "correctAnswersJson": "[2]",
      "explanation": "a = d²x/dt² = bt\nIntegrating: dx/dt = ∫bt dt = bt²/2 + C\nInitially t = 0, dx/dt = v₀ ⇒ C = v₀\n∴ dx/dt = bt²/2 + v₀\nIntegrating again: x = ∫(bt²/2 + v₀)dt = bt³/6 + v₀t + C\nWhen t = 0, x = 0 ⇒ C = 0\n∴ x = v₀t + bt³/6",
      "isMultiple": false,
      "subjectId": 1,
      "chapterId": 103,
      "chapterName": "Motion in a Straight Line",
      "topicId": 1032,
      "topicName": "Uniformly Accelerated Motion",
      "isPYQ": true,
      "pyqYear": 1995
    },
    {
      "questionId": 103048,
      "questionText": "The water drop falls at regular intervals from a tap 5 m above the ground. The third drop is leaving the tap at instant the first drop touches the ground. How far above the ground is the second drop at that instant?",
      "optionsJson": "[\"3.75 m\", \"4.00 m\", \"1.25 m\", \"2.50 m\"]",
      "correctAnswersJson": "[0]",
      "explanation": "Height of tap = 5 m\nFor first drop: 5 = ½gt² ⇒ 5 = 5t² ⇒ t = 1 s\nTime interval between drops = 1/2 = 0.5 s\nDistance covered by second drop in 0.5 s:\ns = ½g(0.5)² = ½ × 10 × 0.25 = 1.25 m\nHeight above ground = 5 - 1.25 = 3.75 m",
      "isMultiple": false,
      "subjectId": 1,
      "chapterId": 103,
      "chapterName": "Motion in a Straight Line",
      "topicId": 1034,
      "topicName": "Free Fall Under Gravity",
      "isPYQ": true,
      "pyqYear": 1995
    },
    {
      "questionId": 103049,
      "questionText": "A car accelerates from rest at a constant rate α for some time after which it decelerates at a constant rate β and comes to rest. If total time elapsed is t, then maximum velocity acquired by car will be",
      "optionsJson": "[\"(α² - β²)t/αβ\", \"(α² + β²)t/αβ\", \"(α + β)t/αβ\", \"αβt/(α + β)\"]",
      "correctAnswersJson": "[3]",
      "explanation": "Let maximum velocity = v\nTime during acceleration: t₁ = v/α\nTime during deceleration: t₂ = v/β\nTotal time: t = t₁ + t₂ = v/α + v/β = v(α + β)/αβ\n∴ v = αβt/(α + β)",
      "isMultiple": false,
      "subjectId": 1,
      "chapterId": 103,
      "chapterName": "Motion in a Straight Line",
      "topicId": 1032,
      "topicName": "Uniformly Accelerated Motion",
      "isPYQ": true,
      "pyqYear": 1994
    },
    {
      "questionId": 103050,
      "questionText": "A particle moves along a straight line such that its displacement at any time t is given by s = (t³ - 6t² + 3t + 4) metres. The velocity when the acceleration is zero is",
      "optionsJson": "[\"3 m/s\", \"42 m/s\", \"-15 m/s\", \"-9 m/s\"]",
      "correctAnswersJson": "[3]",
      "explanation": "s = t³ - 6t² + 3t + 4\nVelocity v = ds/dt = 3t² - 12t + 3\nAcceleration a = dv/dt = 6t - 12\nWhen a = 0: 6t - 12 = 0 ⇒ t = 2 s\nv = 3(2)² - 12(2) + 3 = 12 - 24 + 3 = -9 m/s",
      "isMultiple": false,
      "subjectId": 1,
      "chapterId": 103,
      "chapterName": "Motion in a Straight Line",
      "topicId": 1032,
      "topicName": "Uniformly Accelerated Motion",
      "isPYQ": true,
      "pyqYear": 1994
    },
    {
      "questionId": 103051,
      "questionText": "The velocity of train increases uniformly from 20 km/h to 60 km/h in 4 hours. The distance travelled by the train during this period is",
      "optionsJson": "[\"160 km\", \"180 km\", \"100 km\", \"120 km\"]",
      "correctAnswersJson": "[0]",
      "explanation": "u = 20 km/h, v = 60 km/h, t = 4 h\na = (v - u)/t = (60 - 20)/4 = 10 km/h²\ns = ut + ½at² = 20 × 4 + ½ × 10 × 4² = 80 + 80 = 160 km",
      "isMultiple": false,
      "subjectId": 1,
      "chapterId": 103,
      "chapterName": "Motion in a Straight Line",
      "topicId": 1031,
      "topicName": "Uniform Motion & Average Velocity",
      "isPYQ": true,
      "pyqYear": 1994
    },
    {
      "questionId": 103052,
      "questionText": "The displacement-time graph of a moving particle is shown below. The instantaneous velocity of the particle is negative at the point",
      "optionsJson": "[\"E\", \"F\", \"C\", \"D\"]",
      "correctAnswersJson": "[0]",
      "explanation": "Instantaneous velocity v = dx/dt = slope of displacement-time graph\nAt point E, the slope is negative ⇒ velocity is negative",
      "isMultiple": false,
      "subjectId": 1,
      "chapterId": 103,
      "chapterName": "Motion in a Straight Line",
      "topicId": 1035,
      "topicName": "Graphical Representation",
      "isPYQ": true,
      "pyqYear": 1994,
      "diagramAsset": "q103052.webp",
      "diagramType": "webp"
    },
    {
      "questionId": 103053,
      "questionText": "A body starts from rest, what is the ratio of the distance travelled by the body during the 4th and 3rd second?",
      "optionsJson": "[\"7/5\", \"5/7\", \"7/3\", \"3/7\"]",
      "correctAnswersJson": "[0]",
      "explanation": "Distance covered in nth second: sₙ = u + a/2(2n - 1)\nHere u = 0\ns₄ = a/2(2 × 4 - 1) = 7a/2\ns₃ = a/2(2 × 3 - 1) = 5a/2\ns₄/s₃ = (7a/2)/(5a/2) = 7/5",
      "isMultiple": false,
      "subjectId": 1,
      "chapterId": 103,
      "chapterName": "Motion in a Straight Line",
      "topicId": 1032,
      "topicName": "Uniformly Accelerated Motion",
      "isPYQ": true,
      "pyqYear": 1993
    },
    {
      "questionId": 103054,
      "questionText": "Which of the following curve does not represent motion in one dimension?",
      "optionsJson": "[\"Option A\", \"Option B\", \"Option C\", \"Option D\"]",
      "optionImages": ["q103054_optA.webp", "q103054_optB.webp", "q103054_optC.webp", "q103054_optD.webp"],
      "correctAnswersJson": "[1]",
      "explanation": "In one dimensional motion, the body can have at a time one value of position (x) for a given time (t). Graph B shows two different positions for the same time instant, which is impossible in one-dimensional motion.",
      "isMultiple": false,
      "subjectId": 1,
      "chapterId": 103,
      "chapterName": "Motion in a Straight Line",
      "topicId": 1035,
      "topicName": "Graphical Representation",
      "isPYQ": true,
      "pyqYear": 1992,
      "diagramType": "webp"
    },
    {
      "questionId": 103055,
      "questionText": "A body dropped from top of a tower fall through 40 m during the last two seconds of its fall. The height of tower is (g = 10 m/s²)",
      "optionsJson": "[\"60 m\", \"45 m\", \"80 m\", \"50 m\"]",
      "correctAnswersJson": "[1]",
      "explanation": "Let h be height of tower and t time to reach ground\nh = ½gt² = 5t² ...(i)\nDistance covered in last 2 seconds:\n40 = ½gt² - ½g(t - 2)² = 5t² - 5(t² - 4t + 4) = 20t - 20\n20t = 60 ⇒ t = 3 s\nFrom (i): h = 5 × 3² = 45 m",
      "isMultiple": false,
      "subjectId": 1,
      "chapterId": 103,
      "chapterName": "Motion in a Straight Line",
      "topicId": 1034,
      "topicName": "Free Fall Under Gravity",
      "isPYQ": true,
      "pyqYear": 1992
    },
    {
      "questionId": 103056,
      "questionText": "A car moves a distance of 200 m. It covers the first half of the distance at speed 40 km/h and the second half of distance at speed v. The average speed is 48 km/h. The value of v is",
      "optionsJson": "[\"56 km/h\", \"60 km/h\", \"50 km/h\", \"48 km/h\"]",
      "correctAnswersJson": "[1]",
      "explanation": "Total distance = 200 m\nTotal time = 100/40 + 100/v hours\nAverage speed = 200 / (100/40 + 100/v) = 48\n2 / (1/40 + 1/v) = 48\n1/40 + 1/v = 2/48 = 1/24\n1/v = 1/24 - 1/40 = (5 - 3)/120 = 2/120 = 1/60\nv = 60 km/h",
      "isMultiple": false,
      "subjectId": 1,
      "chapterId": 103,
      "chapterName": "Motion in a Straight Line",
      "topicId": 1031,
      "topicName": "Uniform Motion & Average Velocity",
      "isPYQ": true,
      "pyqYear": 1991
    },
    {
      "questionId": 103057,
      "questionText": "A bus travelling the first one-third distance at a speed of 10 km/h, the next one-third at 20 km/h and at last one-third at 60 km/h. The average speed of the bus is",
      "optionsJson": "[\"9 km/h\", \"16 km/h\", \"18 km/h\", \"48 km/h\"]",
      "correctAnswersJson": "[2]",
      "explanation": "Let total distance = s\nTotal time = (s/3)/10 + (s/3)/20 + (s/3)/60 = s/30 + s/60 + s/180 = 10s/180 = s/18\nAverage speed = s / (s/18) = 18 km/h",
      "isMultiple": false,
      "subjectId": 1,
      "chapterId": 103,
      "chapterName": "Motion in a Straight Line",
      "topicId": 1031,
      "topicName": "Uniform Motion & Average Velocity",
      "isPYQ": true,
      "pyqYear": 1991
    },
    {
      "questionId": 103058,
      "questionText": "A car covers the first half of the distance between two places at 40 km/h and another half at 60 km/h. The average speed of the car is",
      "optionsJson": "[\"40 km/h\", \"48 km/h\", \"50 km/h\", \"60 km/h\"]",
      "correctAnswersJson": "[1]",
      "explanation": "Total distance = s\nTotal time = (s/2)/40 + (s/2)/60 = s/80 + s/120 = 5s/240 = s/48\nAverage speed = s / (s/48) = 48 km/h",
      "isMultiple": false,
      "subjectId": 1,
      "chapterId": 103,
      "chapterName": "Motion in a Straight Line",
      "topicId": 1031,
      "topicName": "Uniform Motion & Average Velocity",
      "isPYQ": true,
      "pyqYear": 1990
    },
    {
      "questionId": 103059,
      "questionText": "What will be the ratio of the distance moved by a freely falling body from rest in 4th and 5th seconds of journey?",
      "optionsJson": "[\"4 : 5\", \"7 : 9\", \"16 : 25\", \"1 : 1\"]",
      "correctAnswersJson": "[1]",
      "explanation": "Distance covered in nth second: sₙ = g/2(2n - 1)\ns₄ = g/2(2 × 4 - 1) = 7g/2\ns₅ = g/2(2 × 5 - 1) = 9g/2\ns₄/s₅ = 7/9",
      "isMultiple": false,
      "subjectId": 1,
      "chapterId": 103,
      "chapterName": "Motion in a Straight Line",
      "topicId": 1034,
      "topicName": "Free Fall Under Gravity",
      "isPYQ": true,
      "pyqYear": 1989
    },
    {
      "questionId": 103060,
      "questionText": "A car is moving along a straight road with a uniform acceleration. It passes through two points P and Q separated by a distance with velocity 30 km/h and 40 km/h respectively. The velocity of the car midway between P and Q is",
      "optionsJson": "[\"33.3 km/h\", \"20√2 km/h\", \"25√2 km/h\", \"35 km/h\"]",
      "correctAnswersJson": "[2]",
      "explanation": "Let PQ = s, L be midpoint of PQ, v be velocity at L\n(40)² - (30)² = 2as ⇒ a = (1600 - 900)/(2s) = 350/s\nv² - (30)² = 2a(s/2) = as = 350\nv² = 900 + 350 = 1250\nv = √1250 = 25√2 km/h",
      "isMultiple": false,
      "subjectId": 1,
      "chapterId": 103,
      "chapterName": "Motion in a Straight Line",
      "topicId": 1032,
      "topicName": "Uniformly Accelerated Motion",
      "isPYQ": true,
      "pyqYear": 1988
    }
  ]